,Genotype,Daylength,Temperature,Growth
0,ELF3ox,8,22,3.930
1,ELF3ox,8,22,4.243
2,ELF3ox,8,22,4.042
3,ELF3ox,8,22,4.494
4,ELF3ox,8,22,4.805
5,ELF3ox,8,22,4.428
6,ELF3ox,8,22,5.274
7,ELF3ox,8,22,4.402
8,ELF3ox,8,22,5.459
9,ELF3ox,8,22,4.315
10,ELF3ox,8,22,3.939
11,ELF3ox,8,22,4.485
12,ELF3ox,8,22,4.045
13,ELF3ox,8,22,4.794
14,ELF3ox,8,22,4.616
15,ELF3ox,8,22,4.869
16,ELF3ox,8,22,3.812
17,ELF3ox,8,22,4.165
18,ELF3ox,8,22,4.119
19,ELF3ox,8,22,4.463
20,ELF3ox,8,22,3.563
21,ELF3ox,8,22,4.025
22,ELF3ox,8,22,3.564
23,ELF3ox,8,22,4.407
24,ELF3ox,8,22,4.425
25,ELF3ox,8,22,4.250
26,ELF3ox,8,22,4.342
27,ELF3ox,8,22,4.962
28,ELF3ox,8,22,3.935
29,ELF3ox,8,22,3.760
30,ELF3ox,8,22,4.216
31,ELF3ox,8,22,4.244
32,ELF3ox,8,22,4.427
33,elf3-8,8,22,9.060
34,elf3-8,8,22,8.445
35,elf3-8,8,22,8.206
36,elf3-8,8,22,6.391
37,elf3-8,8,22,6.987
38,elf3-8,8,22,7.642
39,elf3-8,8,22,7.950
40,elf3-8,8,22,8.145
41,elf3-8,8,22,8.542
42,elf3-8,8,22,7.625
43,elf3-8,8,22,8.689
44,Col,8,22,3.927
45,Col,8,22,2.911
46,Col,8,22,3.658
47,Col,8,22,3.516
48,Col,8,22,4.291
49,Col,8,22,4.183
50,Col,8,22,4.828
51,Col,8,22,4.567
52,Col,8,22,4.943
53,Col,8,22,4.429
54,Col,8,22,4.926
55,Col,8,22,3.582
56,Col,8,22,4.013
57,Col,8,22,4.836
58,Col,8,22,4.268
59,Col,8,22,4.465
60,Col,8,22,3.816
61,Col,8,22,4.422
62,Col,8,22,4.261
63,ELF3ox cop1-4,8,22,1.639
64,ELF3ox cop1-4,8,22,1.541
65,ELF3ox cop1-4,8,22,1.694
66,ELF3ox cop1-4,8,22,1.780
67,ELF3ox cop1-4,8,22,1.783
68,ELF3ox cop1-4,8,22,1.864
69,ELF3ox cop1-4,8,22,1.857
70,ELF3ox cop1-4,8,22,1.892
71,ELF3ox cop1-4,8,22,2.044
72,ELF3ox cop1-4,8,22,1.895
73,ELF3ox cop1-4,8,22,2.333
74,ELF3ox cop1-4,8,22,2.217
75,ELF3ox cop1-4,8,22,2.616
76,ELF3ox cop1-4,8,22,1.833
77,ELF3ox cop1-4,8,22,1.724
78,ELF3ox cop1-4,8,22,1.739
79,ELF3ox cop1-4,8,22,1.838
80,ELF3ox cop1-4,8,22,1.806
81,ELF3ox cop1-4,8,22,1.724
82,ELF3ox cop1-4,8,22,2.203
83,ELF3ox cop1-4,8,22,1.731
84,ELF3ox cop1-4,8,22,2.477
85,ELF3ox cop1-4,8,22,2.397
86,ELF3ox cop1-4,8,22,2.183
87,ELF3ox cop1-4,8,22,2.039
88,ELF3ox cop1-4,8,22,1.887
89,ELF3ox cop1-4,8,22,2.063
90,ELF3ox cop1-4,8,22,2.242
91,ELF3ox cop1-4,8,22,2.142
92,ELF3ox cop1-4,8,22,2.149
93,ELF3ox cop1-4,8,22,1.786
94,ELF3ox cop1-4,8,22,1.952
95,ELF3ox cop1-4,8,22,2.166
96,ELF3ox cop1-4,8,22,1.672
97,ELF3ox cop1-4,8,22,2.145
98,elf3-8 cop1-4,8,22,2.149
99,elf3-8 cop1-4,8,22,2.230
100,elf3-8 cop1-4,8,22,2.424
101,elf3-8 cop1-4,8,22,2.267
102,elf3-8 cop1-4,8,22,2.456
103,elf3-8 cop1-4,8,22,2.554
104,elf3-8 cop1-4,8,22,3.028
105,elf3-8 cop1-4,8,22,2.464
106,elf3-8 cop1-4,8,22,2.558
107,elf3-8 cop1-4,8,22,1.811
108,elf3-8 cop1-4,8,22,2.185
109,elf3-8 cop1-4,8,22,2.024
110,elf3-8 cop1-4,8,22,2.794
111,elf3-8 cop1-4,8,22,1.699
112,elf3-8 cop1-4,8,22,2.215
113,elf3-8 cop1-4,8,22,2.476
114,elf3-8 cop1-4,8,22,3.051
115,elf3-8 cop1-4,8,22,2.526
116,elf3-8 cop1-4,8,22,2.276
117,elf3-8 cop1-4,8,22,2.299
118,elf3-8 cop1-4,8,22,2.178
119,elf3-8 cop1-4,8,22,2.464
120,elf3-8 cop1-4,8,22,2.011
121,elf3-8 cop1-4,8,22,1.994
122,elf3-8 cop1-4,8,22,2.205
123,elf3-8 cop1-4,8,22,2.526
124,elf3-8 cop1-4,8,22,2.319
125,elf3-8 cop1-4,8,22,2.689
126,elf3-8 cop1-4,8,22,2.409
127,elf3-8 cop1-4,8,22,2.333
128,elf3-8 cop1-4,8,22,2.117
129,elf3-8 cop1-4,8,22,1.945
130,cop1-4,8,22,2.129
131,cop1-4,8,22,1.937
132,cop1-4,8,22,2.323
133,cop1-4,8,22,2.044
134,cop1-4,8,22,2.344
135,cop1-4,8,22,2.438
136,cop1-4,8,22,2.422
137,cop1-4,8,22,2.831
138,cop1-4,8,22,3.012
139,cop1-4,8,22,2.534
140,cop1-4,8,22,2.058
141,cop1-4,8,22,1.936
142,cop1-4,8,22,2.113
143,cop1-4,8,22,1.255
144,cop1-4,8,22,2.249
145,cop1-4,8,22,1.894
146,cop1-4,8,22,2.013
147,cop1-4,8,22,2.194
148,cop1-4,8,22,1.633
149,cop1-4,8,22,2.225
150,cop1-4,8,22,1.715
151,cop1-4,8,22,1.497
152,cop1-4,8,22,2.115
153,cop1-4,8,22,2.669
154,cop1-4,8,22,1.746
155,cop1-4,8,22,2.245
156,cop1-4,8,22,2.171
157,cop1-4,8,22,2.540
158,cop1-4,8,22,2.511
159,PHYBox,8,22,1.535
160,PHYBox,8,22,1.483
161,PHYBox,8,22,1.200
162,PHYBox,8,22,1.331
163,PHYBox,8,22,1.532
164,PHYBox,8,22,1.507
165,PHYBox,8,22,1.865
166,PHYBox,8,22,1.928
167,PHYBox,8,22,1.894
168,PHYBox,8,22,1.078
169,PHYBox,8,22,1.561
170,PHYBox,8,22,1.816
171,phyB-9,8,22,6.890
172,phyB-9,8,22,7.926
173,phyB-9,8,22,6.958
174,phyB-9,8,22,8.419
175,phyB-9,8,22,8.325
176,phyB-9,8,22,8.618
177,phyB-9,8,22,6.867
178,phyB-9,8,22,7.220
179,phyB-9,8,22,7.362
180,phyB-9,8,22,5.645
181,phyB-9,8,22,7.195
182,phyB-9,8,22,8.573
183,phyB-9,8,22,8.355
184,phyB-9,8,22,8.170
185,phyB-9,8,22,5.635
186,phyB-9,8,22,6.977
187,phyB-9,8,22,5.558
188,phyB-9,8,22,4.976
189,phyB-9,8,22,5.658
190,phyB-9,8,22,5.503
191,phyB-9,8,22,7.163
192,phyB-9,8,22,7.407
193,phyB-9,8,22,7.120
194,ELF3ox,8,28,8.983
195,ELF3ox,8,28,9.149
196,ELF3ox,8,28,7.302
197,ELF3ox,8,28,7.196
198,ELF3ox,8,28,9.341
199,ELF3ox,8,28,8.843
200,ELF3ox,8,28,7.924
201,ELF3ox,8,28,8.183
202,ELF3ox,8,28,9.126
203,ELF3ox,8,28,8.840
204,ELF3ox,8,28,7.008
205,ELF3ox,8,28,9.873
206,ELF3ox,8,28,8.248
207,ELF3ox,8,28,9.058
208,ELF3ox,8,28,9.689
209,ELF3ox,8,28,9.470
210,ELF3ox,8,28,10.536
211,ELF3ox,8,28,9.092
212,ELF3ox,8,28,10.319
213,ELF3ox,8,28,7.983
214,ELF3ox,8,28,9.825
215,ELF3ox,8,28,10.370
216,ELF3ox,8,28,9.464
217,ELF3ox,8,28,11.120
218,ELF3ox,8,28,9.541
219,ELF3ox,8,28,10.034
220,ELF3ox,8,28,9.881
221,ELF3ox,8,28,9.367
222,ELF3ox,8,28,7.386
223,ELF3ox,8,28,8.321
224,ELF3ox,8,28,9.385
225,ELF3ox,8,28,8.257
226,ELF3ox,8,28,8.994
227,ELF3ox,8,28,9.499
228,ELF3ox,8,28,9.225
229,elf3-8,8,28,11.117
230,elf3-8,8,28,11.112
231,elf3-8,8,28,11.132
232,elf3-8,8,28,9.379
233,elf3-8,8,28,11.579
234,elf3-8,8,28,10.076
235,elf3-8,8,28,10.472
236,elf3-8,8,28,10.562
237,elf3-8,8,28,11.412
238,elf3-8,8,28,9.826
239,elf3-8,8,28,11.018
240,elf3-8,8,28,10.384
241,elf3-8,8,28,8.666
242,elf3-8,8,28,8.844
243,elf3-8,8,28,10.076
244,elf3-8,8,28,9.176
245,elf3-8,8,28,9.727
246,elf3-8,8,28,9.810
247,elf3-8,8,28,10.526
248,elf3-8,8,28,11.174
249,elf3-8,8,28,9.961
250,elf3-8,8,28,10.060
251,elf3-8,8,28,10.654
252,elf3-8,8,28,12.070
253,elf3-8,8,28,11.994
254,elf3-8,8,28,10.850
255,elf3-8,8,28,11.518
256,elf3-8,8,28,10.127
257,elf3-8,8,28,10.547
258,elf3-8,8,28,11.560
259,elf3-8,8,28,12.088
260,Col,8,28,9.309
261,Col,8,28,8.969
262,Col,8,28,8.441
263,Col,8,28,8.744
264,Col,8,28,7.572
265,Col,8,28,7.419
266,Col,8,28,8.371
267,Col,8,28,7.826
268,Col,8,28,8.149
269,Col,8,28,8.493
270,Col,8,28,8.990
271,Col,8,28,6.923
272,Col,8,28,8.409
273,Col,8,28,5.905
274,Col,8,28,8.775
275,Col,8,28,8.489
276,Col,8,28,8.981
277,Col,8,28,9.084
278,ELF3ox cop1-4,8,28,2.236
279,ELF3ox cop1-4,8,28,2.669
280,ELF3ox cop1-4,8,28,1.993
281,ELF3ox cop1-4,8,28,1.862
282,ELF3ox cop1-4,8,28,1.781
283,ELF3ox cop1-4,8,28,1.806
284,ELF3ox cop1-4,8,28,2.091
285,ELF3ox cop1-4,8,28,1.917
286,ELF3ox cop1-4,8,28,1.880
287,ELF3ox cop1-4,8,28,1.831
288,ELF3ox cop1-4,8,28,2.627
289,ELF3ox cop1-4,8,28,2.143
290,ELF3ox cop1-4,8,28,2.459
291,ELF3ox cop1-4,8,28,2.525
292,ELF3ox cop1-4,8,28,2.223
293,ELF3ox cop1-4,8,28,2.343
294,ELF3ox cop1-4,8,28,1.944
295,ELF3ox cop1-4,8,28,2.011
296,ELF3ox cop1-4,8,28,1.962
297,ELF3ox cop1-4,8,28,2.568
298,ELF3ox cop1-4,8,28,2.341
299,ELF3ox cop1-4,8,28,2.325
300,ELF3ox cop1-4,8,28,2.530
301,ELF3ox cop1-4,8,28,2.741
302,ELF3ox cop1-4,8,28,2.341
303,ELF3ox cop1-4,8,28,2.555
304,ELF3ox cop1-4,8,28,2.217
305,ELF3ox cop1-4,8,28,2.493
306,ELF3ox cop1-4,8,28,2.765
307,elf3-8 cop1-4,8,28,1.797
308,elf3-8 cop1-4,8,28,2.102
309,elf3-8 cop1-4,8,28,2.175
310,elf3-8 cop1-4,8,28,1.925
311,elf3-8 cop1-4,8,28,1.816
312,elf3-8 cop1-4,8,28,2.010
313,elf3-8 cop1-4,8,28,2.065
314,elf3-8 cop1-4,8,28,2.187
315,elf3-8 cop1-4,8,28,1.785
316,elf3-8 cop1-4,8,28,2.279
317,elf3-8 cop1-4,8,28,2.074
318,elf3-8 cop1-4,8,28,2.581
319,elf3-8 cop1-4,8,28,1.895
320,elf3-8 cop1-4,8,28,2.330
321,elf3-8 cop1-4,8,28,2.117
322,elf3-8 cop1-4,8,28,2.038
323,elf3-8 cop1-4,8,28,1.706
324,elf3-8 cop1-4,8,28,2.037
325,elf3-8 cop1-4,8,28,1.831
326,elf3-8 cop1-4,8,28,2.106
327,elf3-8 cop1-4,8,28,2.211
328,elf3-8 cop1-4,8,28,2.039
329,elf3-8 cop1-4,8,28,1.915
330,elf3-8 cop1-4,8,28,2.171
331,elf3-8 cop1-4,8,28,2.063
332,elf3-8 cop1-4,8,28,2.023
333,elf3-8 cop1-4,8,28,2.482
334,elf3-8 cop1-4,8,28,2.166
335,elf3-8 cop1-4,8,28,2.629
336,elf3-8 cop1-4,8,28,2.121
337,elf3-8 cop1-4,8,28,2.227
338,elf3-8 cop1-4,8,28,2.104
339,elf3-8 cop1-4,8,28,2.485
340,elf3-8 cop1-4,8,28,2.225
341,elf3-8 cop1-4,8,28,2.635
342,cop1-4,8,28,2.257
343,cop1-4,8,28,2.916
344,cop1-4,8,28,2.560
345,cop1-4,8,28,2.380
346,cop1-4,8,28,2.304
347,cop1-4,8,28,2.467
348,cop1-4,8,28,2.634
349,cop1-4,8,28,2.723
350,cop1-4,8,28,3.088
351,cop1-4,8,28,2.823
352,cop1-4,8,28,2.656
353,cop1-4,8,28,1.976
354,cop1-4,8,28,2.222
355,cop1-4,8,28,2.500
356,cop1-4,8,28,2.494
357,cop1-4,8,28,1.945
358,cop1-4,8,28,2.449
359,cop1-4,8,28,2.502
360,cop1-4,8,28,2.755
361,cop1-4,8,28,2.450
362,cop1-4,8,28,2.391
363,cop1-4,8,28,2.509
364,cop1-4,8,28,2.363
365,cop1-4,8,28,3.122
366,cop1-4,8,28,2.453
367,cop1-4,8,28,2.385
368,cop1-4,8,28,2.534
369,cop1-4,8,28,3.575
370,cop1-4,8,28,2.791
371,cop1-4,8,28,2.738
372,cop1-4,8,28,2.863
373,cop1-4,8,28,3.275
374,cop1-4,8,28,3.028
375,PHYBox,8,28,2.404
376,PHYBox,8,28,3.176
377,PHYBox,8,28,2.460
378,PHYBox,8,28,2.152
379,PHYBox,8,28,3.024
380,PHYBox,8,28,2.901
381,PHYBox,8,28,1.967
382,PHYBox,8,28,2.058
383,PHYBox,8,28,2.508
384,PHYBox,8,28,2.931
385,PHYBox,8,28,2.903
386,phyB-9,8,28,11.985
387,phyB-9,8,28,11.995
388,phyB-9,8,28,13.545
389,phyB-9,8,28,14.123
390,phyB-9,8,28,13.217
391,phyB-9,8,28,12.960
392,phyB-9,8,28,10.008
393,phyB-9,8,28,13.328
394,phyB-9,8,28,10.299
395,phyB-9,8,28,12.132
396,phyB-9,8,28,12.114
397,phyB-9,8,28,13.571
398,phyB-9,8,28,13.317
399,phyB-9,8,28,12.462
400,phyB-9,8,28,12.083
401,phyB-9,8,28,13.810
402,phyB-9,8,28,12.126
403,phyB-9,8,28,10.921
404,phyB-9,8,28,11.018
405,phyB-9,8,28,14.453
406,phyB-9,8,28,10.170
407,phyB-9,8,28,11.967
408,ELF3ox,0,22,11.540
409,ELF3ox,0,22,11.892
410,ELF3ox,0,22,13.170
411,ELF3ox,0,22,12.864
412,ELF3ox,0,22,12.590
413,ELF3ox,0,22,12.804
414,ELF3ox,0,22,12.746
415,ELF3ox,0,22,14.776
416,ELF3ox,0,22,15.064
417,ELF3ox,0,22,13.203
418,ELF3ox,0,22,13.594
419,ELF3ox,0,22,11.274
420,ELF3ox,0,22,10.823
421,ELF3ox,0,22,12.828
422,ELF3ox,0,22,13.719
423,ELF3ox,0,22,12.534
424,ELF3ox,0,22,15.848
425,ELF3ox,0,22,13.005
426,ELF3ox,0,22,10.258
427,ELF3ox,0,22,15.696
428,ELF3ox,0,22,14.612
429,ELF3ox,0,22,12.615
430,ELF3ox,0,22,13.963
431,ELF3ox,0,22,14.733
432,ELF3ox,0,22,14.888
433,ELF3ox,0,22,14.523
434,ELF3ox,0,22,13.617
435,ELF3ox,0,22,11.285
436,ELF3ox,0,22,12.837
437,ELF3ox,0,22,12.790
438,ELF3ox,0,22,14.176
439,ELF3ox,0,22,13.664
440,ELF3ox,0,22,12.995
441,ELF3ox,0,22,13.585
442,elf3-8,0,22,9.323
443,elf3-8,0,22,11.104
444,elf3-8,0,22,10.879
445,elf3-8,0,22,12.890
446,elf3-8,0,22,13.602
447,elf3-8,0,22,11.945
448,elf3-8,0,22,10.884
449,elf3-8,0,22,10.410
450,elf3-8,0,22,12.738
451,elf3-8,0,22,11.143
452,elf3-8,0,22,11.107
453,elf3-8,0,22,13.893
454,elf3-8,0,22,12.851
455,elf3-8,0,22,14.009
456,elf3-8,0,22,10.175
457,elf3-8,0,22,10.206
458,elf3-8,0,22,10.206
459,elf3-8,0,22,13.258
460,elf3-8,0,22,13.303
461,elf3-8,0,22,13.012
462,elf3-8,0,22,11.221
463,elf3-8,0,22,12.977
464,elf3-8,0,22,16.859
465,elf3-8,0,22,12.892
466,elf3-8,0,22,12.716
467,elf3-8,0,22,13.924
468,elf3-8,0,22,11.033
469,elf3-8,0,22,11.314
470,elf3-8,0,22,12.004
471,elf3-8,0,22,13.066
472,elf3-8,0,22,15.757
473,elf3-8,0,22,13.559
474,elf3-8,0,22,12.626
475,elf3-8,0,22,11.099
476,elf3-8,0,22,13.391
477,Col,0,22,13.350
478,Col,0,22,15.421
479,Col,0,22,11.602
480,Col,0,22,9.377
481,Col,0,22,9.533
482,Col,0,22,9.237
483,Col,0,22,8.347
484,Col,0,22,8.258
485,Col,0,22,8.006
486,Col,0,22,8.096
487,Col,0,22,11.566
488,Col,0,22,10.684
489,Col,0,22,10.242
490,Col,0,22,7.520
491,Col,0,22,9.576
492,Col,0,22,10.432
493,Col,0,22,9.207
494,Col,0,22,8.356
495,Col,0,22,9.954
496,Col,0,22,10.209
497,ELF3ox cop1-4,0,22,3.318
498,ELF3ox cop1-4,0,22,3.103
499,ELF3ox cop1-4,0,22,2.596
500,ELF3ox cop1-4,0,22,2.793
501,ELF3ox cop1-4,0,22,3.653
502,ELF3ox cop1-4,0,22,3.770
503,ELF3ox cop1-4,0,22,3.411
504,ELF3ox cop1-4,0,22,3.349
505,ELF3ox cop1-4,0,22,2.978
506,ELF3ox cop1-4,0,22,2.842
507,ELF3ox cop1-4,0,22,3.730
508,ELF3ox cop1-4,0,22,3.359
509,ELF3ox cop1-4,0,22,3.435
510,ELF3ox cop1-4,0,22,3.234
511,ELF3ox cop1-4,0,22,3.633
512,ELF3ox cop1-4,0,22,3.334
513,ELF3ox cop1-4,0,22,3.684
514,ELF3ox cop1-4,0,22,2.866
515,ELF3ox cop1-4,0,22,3.181
516,ELF3ox cop1-4,0,22,3.625
517,ELF3ox cop1-4,0,22,3.248
518,ELF3ox cop1-4,0,22,2.806
519,ELF3ox cop1-4,0,22,2.842
520,ELF3ox cop1-4,0,22,2.993
521,ELF3ox cop1-4,0,22,3.125
522,ELF3ox cop1-4,0,22,3.137
523,ELF3ox cop1-4,0,22,2.997
524,ELF3ox cop1-4,0,22,3.581
525,ELF3ox cop1-4,0,22,3.649
526,ELF3ox cop1-4,0,22,2.769
527,ELF3ox cop1-4,0,22,2.707
528,elf3-8 cop1-4,0,22,4.789
529,elf3-8 cop1-4,0,22,4.517
530,elf3-8 cop1-4,0,22,4.477
531,elf3-8 cop1-4,0,22,4.207
532,elf3-8 cop1-4,0,22,4.693
533,elf3-8 cop1-4,0,22,3.848
534,elf3-8 cop1-4,0,22,4.840
535,elf3-8 cop1-4,0,22,4.462
536,elf3-8 cop1-4,0,22,6.224
537,elf3-8 cop1-4,0,22,4.519
538,elf3-8 cop1-4,0,22,5.797
539,elf3-8 cop1-4,0,22,6.149
540,elf3-8 cop1-4,0,22,5.381
541,elf3-8 cop1-4,0,22,5.142
542,elf3-8 cop1-4,0,22,5.376
543,elf3-8 cop1-4,0,22,5.245
544,elf3-8 cop1-4,0,22,4.707
545,elf3-8 cop1-4,0,22,5.260
546,elf3-8 cop1-4,0,22,4.356
547,elf3-8 cop1-4,0,22,4.913
548,elf3-8 cop1-4,0,22,5.051
549,elf3-8 cop1-4,0,22,3.840
550,elf3-8 cop1-4,0,22,4.064
551,elf3-8 cop1-4,0,22,4.805
552,elf3-8 cop1-4,0,22,6.647
553,elf3-8 cop1-4,0,22,4.602
554,elf3-8 cop1-4,0,22,5.827
555,elf3-8 cop1-4,0,22,5.276
556,elf3-8 cop1-4,0,22,6.604
557,elf3-8 cop1-4,0,22,5.685
558,elf3-8 cop1-4,0,22,5.882
559,elf3-8 cop1-4,0,22,6.533
560,elf3-8 cop1-4,0,22,6.119
561,elf3-8 cop1-4,0,22,5.273
562,cop1-4,0,22,5.673
563,cop1-4,0,22,6.202
564,cop1-4,0,22,6.277
565,cop1-4,0,22,4.919
566,cop1-4,0,22,5.318
567,cop1-4,0,22,5.105
568,cop1-4,0,22,5.220
569,cop1-4,0,22,3.990
570,cop1-4,0,22,4.245
571,cop1-4,0,22,5.377
572,cop1-4,0,22,4.514
573,cop1-4,0,22,4.431
574,cop1-4,0,22,5.782
575,cop1-4,0,22,5.534
576,cop1-4,0,22,5.199
577,cop1-4,0,22,3.972
578,cop1-4,0,22,4.868
579,cop1-4,0,22,5.974
580,cop1-4,0,22,4.384
581,cop1-4,0,22,3.766
582,cop1-4,0,22,4.513
583,cop1-4,0,22,4.963
584,cop1-4,0,22,5.556
585,cop1-4,0,22,5.496
586,cop1-4,0,22,5.862
587,cop1-4,0,22,6.071
588,cop1-4,0,22,6.981
589,cop1-4,0,22,6.639
590,cop1-4,0,22,5.232
591,cop1-4,0,22,5.937
592,cop1-4,0,22,5.668
593,PHYBox,0,22,6.917
594,PHYBox,0,22,9.638
595,PHYBox,0,22,9.871
596,PHYBox,0,22,8.434
597,PHYBox,0,22,7.534
598,PHYBox,0,22,7.616
599,PHYBox,0,22,7.490
600,PHYBox,0,22,7.294
601,PHYBox,0,22,8.454
602,PHYBox,0,22,7.706
603,PHYBox,0,22,8.630
604,PHYBox,0,22,9.171
605,PHYBox,0,22,7.501
606,PHYBox,0,22,6.558
607,PHYBox,0,22,8.291
608,PHYBox,0,22,8.620
609,phyB-9,0,22,9.963
610,phyB-9,0,22,10.670
611,phyB-9,0,22,10.514
612,phyB-9,0,22,12.268
613,phyB-9,0,22,12.915
614,phyB-9,0,22,12.584
615,phyB-9,0,22,12.178
616,phyB-9,0,22,11.644
617,phyB-9,0,22,10.432
618,phyB-9,0,22,10.495
619,phyB-9,0,22,13.941
620,phyB-9,0,22,14.236
621,phyB-9,0,22,10.515
622,phyB-9,0,22,11.741
623,phyB-9,0,22,11.305
624,ELF3ox,0,28,12.618
625,ELF3ox,0,28,14.690
626,ELF3ox,0,28,13.193
627,ELF3ox,0,28,15.089
628,ELF3ox,0,28,17.198
629,ELF3ox,0,28,12.747
630,ELF3ox,0,28,15.452
631,ELF3ox,0,28,13.631
632,ELF3ox,0,28,16.630
633,ELF3ox,0,28,15.067
634,ELF3ox,0,28,16.040
635,ELF3ox,0,28,15.856
636,ELF3ox,0,28,15.549
637,ELF3ox,0,28,15.259
638,ELF3ox,0,28,16.975
639,ELF3ox,0,28,16.962
640,ELF3ox,0,28,15.957
641,ELF3ox,0,28,20.684
642,ELF3ox,0,28,16.082
643,ELF3ox,0,28,16.308
644,ELF3ox,0,28,17.513
645,ELF3ox,0,28,12.751
646,ELF3ox,0,28,13.756
647,ELF3ox,0,28,16.765
648,ELF3ox,0,28,14.508
649,ELF3ox,0,28,12.815
650,ELF3ox,0,28,18.398
651,ELF3ox,0,28,16.672
652,ELF3ox,0,28,16.103
653,ELF3ox,0,28,16.398
654,ELF3ox,0,28,16.242
655,ELF3ox,0,28,18.400
656,ELF3ox,0,28,15.743
657,ELF3ox,0,28,15.421
658,ELF3ox,0,28,15.462
659,elf3-8,0,28,15.858
660,elf3-8,0,28,13.114
661,elf3-8,0,28,14.529
662,elf3-8,0,28,14.189
663,elf3-8,0,28,14.635
664,elf3-8,0,28,15.429
665,elf3-8,0,28,15.464
666,elf3-8,0,28,13.366
667,elf3-8,0,28,12.836
668,elf3-8,0,28,13.306
669,elf3-8,0,28,12.766
670,elf3-8,0,28,16.602
671,elf3-8,0,28,14.008
672,elf3-8,0,28,14.734
673,elf3-8,0,28,17.314
674,elf3-8,0,28,14.635
675,elf3-8,0,28,14.880
676,elf3-8,0,28,12.711
677,elf3-8,0,28,15.318
678,elf3-8,0,28,13.965
679,elf3-8,0,28,13.630
680,elf3-8,0,28,14.889
681,elf3-8,0,28,12.899
682,elf3-8,0,28,14.757
683,elf3-8,0,28,13.910
684,elf3-8,0,28,14.007
685,elf3-8,0,28,11.000
686,elf3-8,0,28,16.005
687,elf3-8,0,28,16.576
688,elf3-8,0,28,16.759
689,elf3-8,0,28,15.767
690,Col,0,28,13.412
691,Col,0,28,12.663
692,Col,0,28,13.605
693,Col,0,28,11.521
694,Col,0,28,14.018
695,Col,0,28,14.138
696,Col,0,28,12.800
697,Col,0,28,11.163
698,Col,0,28,13.171
699,Col,0,28,16.128
700,Col,0,28,14.537
701,Col,0,28,12.516
702,Col,0,28,12.769
703,Col,0,28,13.386
704,Col,0,28,13.272
705,Col,0,28,14.839
706,Col,0,28,12.040
707,Col,0,28,14.187
708,Col,0,28,12.845
709,Col,0,28,12.096
710,ELF3ox cop1-4,0,28,3.875
711,ELF3ox cop1-4,0,28,3.823
712,ELF3ox cop1-4,0,28,3.648
713,ELF3ox cop1-4,0,28,3.440
714,ELF3ox cop1-4,0,28,3.244
715,ELF3ox cop1-4,0,28,3.034
716,ELF3ox cop1-4,0,28,4.357
717,ELF3ox cop1-4,0,28,3.378
718,ELF3ox cop1-4,0,28,3.451
719,ELF3ox cop1-4,0,28,3.706
720,ELF3ox cop1-4,0,28,2.788
721,ELF3ox cop1-4,0,28,2.940
722,ELF3ox cop1-4,0,28,2.826
723,ELF3ox cop1-4,0,28,3.106
724,ELF3ox cop1-4,0,28,3.527
725,ELF3ox cop1-4,0,28,3.405
726,ELF3ox cop1-4,0,28,3.460
727,ELF3ox cop1-4,0,28,3.873
728,ELF3ox cop1-4,0,28,3.515
729,ELF3ox cop1-4,0,28,3.563
730,ELF3ox cop1-4,0,28,2.707
731,ELF3ox cop1-4,0,28,3.846
732,ELF3ox cop1-4,0,28,3.558
733,ELF3ox cop1-4,0,28,4.088
734,ELF3ox cop1-4,0,28,3.461
735,ELF3ox cop1-4,0,28,3.929
736,ELF3ox cop1-4,0,28,3.422
737,ELF3ox cop1-4,0,28,3.687
738,ELF3ox cop1-4,0,28,3.817
739,ELF3ox cop1-4,0,28,3.323
740,ELF3ox cop1-4,0,28,3.644
741,elf3-8 cop1-4,0,28,4.301
742,elf3-8 cop1-4,0,28,4.472
743,elf3-8 cop1-4,0,28,3.722
744,elf3-8 cop1-4,0,28,4.530
745,elf3-8 cop1-4,0,28,5.014
746,elf3-8 cop1-4,0,28,5.396
747,elf3-8 cop1-4,0,28,4.508
748,elf3-8 cop1-4,0,28,4.947
749,elf3-8 cop1-4,0,28,4.274
750,elf3-8 cop1-4,0,28,4.184
751,elf3-8 cop1-4,0,28,4.234
752,elf3-8 cop1-4,0,28,2.629
753,elf3-8 cop1-4,0,28,2.531
754,elf3-8 cop1-4,0,28,2.460
755,elf3-8 cop1-4,0,28,3.067
756,elf3-8 cop1-4,0,28,2.800
757,elf3-8 cop1-4,0,28,2.739
758,elf3-8 cop1-4,0,28,3.294
759,elf3-8 cop1-4,0,28,3.031
760,elf3-8 cop1-4,0,28,3.142
761,elf3-8 cop1-4,0,28,2.807
762,elf3-8 cop1-4,0,28,2.700
763,elf3-8 cop1-4,0,28,2.868
764,elf3-8 cop1-4,0,28,4.694
765,elf3-8 cop1-4,0,28,3.540
766,elf3-8 cop1-4,0,28,4.000
767,elf3-8 cop1-4,0,28,5.438
768,elf3-8 cop1-4,0,28,4.444
769,elf3-8 cop1-4,0,28,4.042
770,elf3-8 cop1-4,0,28,4.786
771,elf3-8 cop1-4,0,28,4.709
772,elf3-8 cop1-4,0,28,3.928
773,elf3-8 cop1-4,0,28,5.099
774,elf3-8 cop1-4,0,28,4.136
775,elf3-8 cop1-4,0,28,4.369
776,cop1-4,0,28,5.433
777,cop1-4,0,28,5.457
778,cop1-4,0,28,5.923
779,cop1-4,0,28,7.912
780,cop1-4,0,28,6.376
781,cop1-4,0,28,7.736
782,cop1-4,0,28,4.733
783,cop1-4,0,28,6.268
784,cop1-4,0,28,5.577
785,cop1-4,0,28,4.058
786,cop1-4,0,28,4.857
787,cop1-4,0,28,5.607
788,cop1-4,0,28,4.304
789,cop1-4,0,28,7.645
790,cop1-4,0,28,5.580
791,cop1-4,0,28,5.471
792,cop1-4,0,28,4.981
793,cop1-4,0,28,4.402
794,cop1-4,0,28,4.660
795,cop1-4,0,28,5.192
796,cop1-4,0,28,6.493
797,cop1-4,0,28,10.503
798,cop1-4,0,28,5.948
799,cop1-4,0,28,6.300
800,cop1-4,0,28,6.078
801,cop1-4,0,28,8.439
802,cop1-4,0,28,6.311
803,cop1-4,0,28,6.456
804,cop1-4,0,28,5.514
805,cop1-4,0,28,5.345
806,PHYBox,0,28,11.269
807,PHYBox,0,28,10.632
808,PHYBox,0,28,12.229
809,PHYBox,0,28,10.578
810,PHYBox,0,28,11.558
811,PHYBox,0,28,11.603
812,PHYBox,0,28,11.898
813,PHYBox,0,28,11.449
814,PHYBox,0,28,11.944
815,PHYBox,0,28,13.324
816,PHYBox,0,28,11.765
817,PHYBox,0,28,13.766
818,PHYBox,0,28,12.164
819,PHYBox,0,28,13.589
820,PHYBox,0,28,11.294
821,phyB-9,0,28,16.947
822,phyB-9,0,28,16.686
823,phyB-9,0,28,13.362
824,phyB-9,0,28,13.839
825,phyB-9,0,28,13.621
826,phyB-9,0,28,11.539
827,phyB-9,0,28,11.488
828,phyB-9,0,28,16.186
829,phyB-9,0,28,17.781
830,phyB-9,0,28,14.727
831,phyB-9,0,28,12.883
832,phyB-9,0,28,12.887
833,phyB-9,0,28,15.781
834,phyB-9,0,28,16.043
835,phyB-9,0,28,15.075
836,phyB-9,0,28,18.543
837,phyB-9,0,28,15.294
838,ELF3ox,12,22,2.267
839,ELF3ox,12,22,2.501
840,ELF3ox,12,22,2.406
841,ELF3ox,12,22,2.163
842,ELF3ox,12,22,2.390
843,ELF3ox,12,22,2.605
844,ELF3ox,12,22,2.584
845,ELF3ox,12,22,2.601
846,ELF3ox,12,22,2.302
847,ELF3ox,12,22,2.123
848,ELF3ox,12,22,2.079
849,ELF3ox,12,22,2.099
850,ELF3ox,12,22,1.999
851,ELF3ox,12,22,1.977
852,ELF3ox,12,22,2.454
853,ELF3ox,12,22,2.418
854,ELF3ox,12,22,2.448
855,elf3-8,12,22,5.509
856,elf3-8,12,22,5.550
857,elf3-8,12,22,5.038
858,elf3-8,12,22,5.274
859,elf3-8,12,22,5.456
860,elf3-8,12,22,5.837
861,elf3-8,12,22,6.386
862,elf3-8,12,22,5.464
863,elf3-8,12,22,5.526
864,elf3-8,12,22,5.408
865,elf3-8,12,22,5.946
866,elf3-8,12,22,5.055
867,elf3-8,12,22,5.541
868,elf3-8,12,22,5.268
869,elf3-8,12,22,5.007
870,elf3-8,12,22,5.423
871,elf3-8,12,22,5.374
872,elf3-8,12,22,5.937
873,elf3-8,12,22,5.018
874,elf3-8,12,22,5.345
875,elf3-8,12,22,5.135
876,elf3-8,12,22,4.944
877,Col,12,22,2.122
878,Col,12,22,2.311
879,Col,12,22,2.247
880,Col,12,22,2.540
881,Col,12,22,2.128
882,Col,12,22,2.059
883,Col,12,22,2.260
884,Col,12,22,2.296
885,Col,12,22,2.524
886,Col,12,22,2.524
887,Col,12,22,2.102
888,Col,12,22,1.764
889,Col,12,22,2.108
890,Col,12,22,2.222
891,Col,12,22,2.312
892,ELF3ox cop1-4,12,22,1.415
893,ELF3ox cop1-4,12,22,1.276
894,ELF3ox cop1-4,12,22,1.503
895,ELF3ox cop1-4,12,22,1.374
896,ELF3ox cop1-4,12,22,1.350
897,ELF3ox cop1-4,12,22,1.400
898,ELF3ox cop1-4,12,22,1.414
899,ELF3ox cop1-4,12,22,1.373
900,ELF3ox cop1-4,12,22,1.419
901,ELF3ox cop1-4,12,22,1.267
902,ELF3ox cop1-4,12,22,1.360
903,ELF3ox cop1-4,12,22,1.535
904,ELF3ox cop1-4,12,22,1.469
905,ELF3ox cop1-4,12,22,1.650
906,ELF3ox cop1-4,12,22,1.415
907,ELF3ox cop1-4,12,22,1.603
908,ELF3ox cop1-4,12,22,1.645
909,ELF3ox cop1-4,12,22,1.911
910,ELF3ox cop1-4,12,22,1.537
911,ELF3ox cop1-4,12,22,1.576
912,ELF3ox cop1-4,12,22,2.216
913,ELF3ox cop1-4,12,22,1.869
914,ELF3ox cop1-4,12,22,2.002
915,ELF3ox cop1-4,12,22,2.123
916,ELF3ox cop1-4,12,22,2.109
917,ELF3ox cop1-4,12,22,1.480
918,ELF3ox cop1-4,12,22,1.972
919,ELF3ox cop1-4,12,22,2.033
920,ELF3ox cop1-4,12,22,1.710
921,ELF3ox cop1-4,12,22,1.678
922,ELF3ox cop1-4,12,22,1.661
923,ELF3ox cop1-4,12,22,1.551
924,ELF3ox cop1-4,12,22,1.819
925,ELF3ox cop1-4,12,22,1.589
926,ELF3ox cop1-4,12,22,1.471
927,ELF3ox cop1-4,12,22,1.746
928,elf3-8 cop1-4,12,22,1.937
929,elf3-8 cop1-4,12,22,2.173
930,elf3-8 cop1-4,12,22,2.214
931,elf3-8 cop1-4,12,22,2.007
932,elf3-8 cop1-4,12,22,2.324
933,elf3-8 cop1-4,12,22,2.704
934,elf3-8 cop1-4,12,22,2.036
935,elf3-8 cop1-4,12,22,1.581
936,elf3-8 cop1-4,12,22,1.821
937,elf3-8 cop1-4,12,22,1.938
938,elf3-8 cop1-4,12,22,2.068
939,elf3-8 cop1-4,12,22,1.871
940,elf3-8 cop1-4,12,22,1.754
941,elf3-8 cop1-4,12,22,1.971
942,elf3-8 cop1-4,12,22,1.835
943,elf3-8 cop1-4,12,22,1.795
944,elf3-8 cop1-4,12,22,2.108
945,elf3-8 cop1-4,12,22,2.142
946,elf3-8 cop1-4,12,22,2.308
947,elf3-8 cop1-4,12,22,1.958
948,elf3-8 cop1-4,12,22,1.904
949,elf3-8 cop1-4,12,22,1.648
950,elf3-8 cop1-4,12,22,1.888
951,cop1-4,12,22,1.740
952,cop1-4,12,22,1.974
953,cop1-4,12,22,2.180
954,cop1-4,12,22,1.903
955,cop1-4,12,22,1.734
956,cop1-4,12,22,1.780
957,cop1-4,12,22,1.783
958,cop1-4,12,22,1.860
959,cop1-4,12,22,1.797
960,cop1-4,12,22,1.831
961,cop1-4,12,22,1.797
962,cop1-4,12,22,1.944
963,cop1-4,12,22,1.729
964,cop1-4,12,22,1.803
965,cop1-4,12,22,1.975
966,cop1-4,12,22,2.041
967,cop1-4,12,22,1.790
968,cop1-4,12,22,1.536
969,cop1-4,12,22,2.031
970,cop1-4,12,22,1.966
971,cop1-4,12,22,1.581
972,phyB-9,12,22,4.134
973,phyB-9,12,22,5.328
974,phyB-9,12,22,5.281
975,phyB-9,12,22,5.769
976,phyB-9,12,22,5.599
977,phyB-9,12,22,6.013
978,phyB-9,12,22,6.163
979,phyB-9,12,22,5.175
980,phyB-9,12,22,5.839
981,phyB-9,12,22,5.894
982,phyB-9,12,22,5.747
983,phyB-9,12,22,4.903
984,phyB-9,12,22,5.037
985,phyB-9,12,22,5.186
986,phyB-9,12,22,4.981
987,phyB-9,12,22,5.355
988,phyB-9,12,22,5.698
989,ELF3ox,12,28,4.207
990,ELF3ox,12,28,4.627
991,ELF3ox,12,28,4.912
992,ELF3ox,12,28,5.455
993,ELF3ox,12,28,5.274
994,ELF3ox,12,28,5.197
995,ELF3ox,12,28,4.054
996,ELF3ox,12,28,4.877
997,ELF3ox,12,28,4.320
998,ELF3ox,12,28,5.478
999,ELF3ox,12,28,4.386
1000,ELF3ox,12,28,4.667
1001,ELF3ox,12,28,5.255
1002,ELF3ox,12,28,3.366
1003,ELF3ox,12,28,4.999
1004,ELF3ox,12,28,5.050
1005,ELF3ox,12,28,4.682
1006,ELF3ox,12,28,4.111
1007,ELF3ox,12,28,4.285
1008,ELF3ox,12,28,5.439
1009,ELF3ox,12,28,5.275
1010,ELF3ox,12,28,4.987
1011,elf3-8,12,28,8.507
1012,elf3-8,12,28,8.173
1013,elf3-8,12,28,8.760
1014,elf3-8,12,28,8.440
1015,elf3-8,12,28,8.013
1016,elf3-8,12,28,7.512
1017,elf3-8,12,28,8.696
1018,elf3-8,12,28,6.972
1019,elf3-8,12,28,6.031
1020,elf3-8,12,28,7.236
1021,elf3-8,12,28,7.343
1022,elf3-8,12,28,8.460
1023,elf3-8,12,28,8.674
1024,elf3-8,12,28,8.429
1025,elf3-8,12,28,8.503
1026,elf3-8,12,28,8.536
1027,elf3-8,12,28,7.868
1028,elf3-8,12,28,8.622
1029,elf3-8,12,28,7.962
1030,elf3-8,12,28,8.078
1031,elf3-8,12,28,8.569
1032,elf3-8,12,28,9.679
1033,elf3-8,12,28,8.979
1034,elf3-8,12,28,8.246
1035,elf3-8,12,28,7.944
1036,Col,12,28,4.832
1037,Col,12,28,4.507
1038,Col,12,28,4.073
1039,Col,12,28,3.688
1040,Col,12,28,3.964
1041,Col,12,28,4.166
1042,Col,12,28,4.049
1043,Col,12,28,5.217
1044,Col,12,28,3.736
1045,Col,12,28,4.583
1046,Col,12,28,4.216
1047,Col,12,28,4.180
1048,Col,12,28,3.549
1049,Col,12,28,4.126
1050,Col,12,28,4.350
1051,Col,12,28,3.856
1052,Col,12,28,4.117
1053,Col,12,28,4.189
1054,Col,12,28,4.283
1055,ELF3ox cop1-4,12,28,1.357
1056,ELF3ox cop1-4,12,28,1.362
1057,ELF3ox cop1-4,12,28,1.487
1058,ELF3ox cop1-4,12,28,1.288
1059,ELF3ox cop1-4,12,28,1.425
1060,ELF3ox cop1-4,12,28,1.612
1061,ELF3ox cop1-4,12,28,1.424
1062,ELF3ox cop1-4,12,28,1.286
1063,ELF3ox cop1-4,12,28,1.439
1064,ELF3ox cop1-4,12,28,1.354
1065,ELF3ox cop1-4,12,28,1.440
1066,ELF3ox cop1-4,12,28,1.509
1067,ELF3ox cop1-4,12,28,1.462
1068,ELF3ox cop1-4,12,28,1.342
1069,ELF3ox cop1-4,12,28,1.674
1070,ELF3ox cop1-4,12,28,1.858
1071,ELF3ox cop1-4,12,28,1.868
1072,ELF3ox cop1-4,12,28,1.660
1073,ELF3ox cop1-4,12,28,1.612
1074,ELF3ox cop1-4,12,28,2.129
1075,ELF3ox cop1-4,12,28,1.972
1076,ELF3ox cop1-4,12,28,1.977
1077,ELF3ox cop1-4,12,28,1.764
1078,ELF3ox cop1-4,12,28,1.609
1079,ELF3ox cop1-4,12,28,1.479
1080,elf3-8 cop1-4,12,28,1.595
1081,elf3-8 cop1-4,12,28,2.002
1082,elf3-8 cop1-4,12,28,1.675
1083,elf3-8 cop1-4,12,28,1.738
1084,elf3-8 cop1-4,12,28,2.072
1085,elf3-8 cop1-4,12,28,2.009
1086,elf3-8 cop1-4,12,28,1.947
1087,elf3-8 cop1-4,12,28,2.375
1088,elf3-8 cop1-4,12,28,2.544
1089,elf3-8 cop1-4,12,28,2.099
1090,elf3-8 cop1-4,12,28,2.242
1091,elf3-8 cop1-4,12,28,1.809
1092,elf3-8 cop1-4,12,28,1.933
1093,elf3-8 cop1-4,12,28,1.862
1094,elf3-8 cop1-4,12,28,1.655
1095,elf3-8 cop1-4,12,28,1.781
1096,elf3-8 cop1-4,12,28,2.088
1097,elf3-8 cop1-4,12,28,1.767
1098,elf3-8 cop1-4,12,28,1.731
1099,elf3-8 cop1-4,12,28,1.635
1100,elf3-8 cop1-4,12,28,2.051
1101,elf3-8 cop1-4,12,28,1.846
1102,elf3-8 cop1-4,12,28,1.886
1103,elf3-8 cop1-4,12,28,1.961
1104,elf3-8 cop1-4,12,28,1.929
1105,elf3-8 cop1-4,12,28,1.801
1106,elf3-8 cop1-4,12,28,1.871
1107,cop1-4,12,28,2.423
1108,cop1-4,12,28,2.475
1109,cop1-4,12,28,2.337
1110,cop1-4,12,28,2.284
1111,cop1-4,12,28,2.176
1112,cop1-4,12,28,2.243
1113,cop1-4,12,28,2.402
1114,cop1-4,12,28,1.915
1115,cop1-4,12,28,1.956
1116,cop1-4,12,28,2.309
1117,cop1-4,12,28,2.394
1118,cop1-4,12,28,1.977
1119,cop1-4,12,28,2.764
1120,cop1-4,12,28,2.112
1121,cop1-4,12,28,2.301
1122,cop1-4,12,28,2.435
1123,cop1-4,12,28,2.356
1124,cop1-4,12,28,2.401
1125,cop1-4,12,28,1.886
1126,cop1-4,12,28,2.013
1127,phyB-9,12,28,10.309
1128,phyB-9,12,28,8.970
1129,phyB-9,12,28,11.507
1130,phyB-9,12,28,10.853
1131,phyB-9,12,28,11.669
1132,phyB-9,12,28,12.805
1133,phyB-9,12,28,10.887
1134,phyB-9,12,28,10.542
1135,phyB-9,12,28,10.746
1136,phyB-9,12,28,11.660
1137,phyB-9,12,28,12.461
1138,phyB-9,12,28,8.899
1139,phyB-9,12,28,10.979
1140,phyB-9,12,28,9.761
1141,phyB-9,12,28,10.769
1142,phyB-9,12,28,10.728
1143,PHYBox,12,28,1.606
1144,PHYBox,12,28,1.767
1145,PHYBox,12,28,1.315
1146,ELF3ox,24,22,1.138
1147,ELF3ox,24,22,1.332
1148,ELF3ox,24,22,1.224
1149,ELF3ox,24,22,1.287
1150,ELF3ox,24,22,1.380
1151,ELF3ox,24,22,1.333
1152,ELF3ox,24,22,1.139
1153,ELF3ox,24,22,1.282
1154,ELF3ox,24,22,1.124
1155,ELF3ox,24,22,1.340
1156,ELF3ox,24,22,1.332
1157,ELF3ox,24,22,1.590
1158,ELF3ox,24,22,1.456
1159,ELF3ox,24,22,1.360
1160,ELF3ox,24,22,1.344
1161,ELF3ox,24,22,1.530
1162,ELF3ox,24,22,1.648
1163,ELF3ox,24,22,1.413
1164,ELF3ox,24,22,1.544
1165,ELF3ox,24,22,1.217
1166,ELF3ox,24,22,1.169
1167,ELF3ox,24,22,1.328
1168,ELF3ox,24,22,1.415
1169,ELF3ox,24,22,2.024
1170,ELF3ox,24,22,1.086
1171,ELF3ox,24,22,1.357
1172,ELF3ox,24,22,1.362
1173,elf3-8,24,22,1.226
1174,elf3-8,24,22,1.338
1175,elf3-8,24,22,1.491
1176,elf3-8,24,22,1.405
1177,elf3-8,24,22,1.640
1178,elf3-8,24,22,1.164
1179,elf3-8,24,22,1.372
1180,elf3-8,24,22,1.555
1181,elf3-8,24,22,1.435
1182,elf3-8,24,22,1.108
1183,elf3-8,24,22,1.302
1184,elf3-8,24,22,1.344
1185,elf3-8,24,22,1.741
1186,elf3-8,24,22,1.374
1187,elf3-8,24,22,1.342
1188,elf3-8,24,22,1.572
1189,elf3-8,24,22,1.322
1190,elf3-8,24,22,1.362
1191,elf3-8,24,22,1.354
1192,elf3-8,24,22,1.509
1193,elf3-8,24,22,1.659
1194,elf3-8,24,22,1.612
1195,elf3-8,24,22,1.497
1196,elf3-8,24,22,1.479
1197,elf3-8,24,22,1.523
1198,elf3-8,24,22,1.503
1199,elf3-8,24,22,1.606
1200,elf3-8,24,22,1.500
1201,Col,24,22,1.491
1202,Col,24,22,1.133
1203,Col,24,22,1.222
1204,Col,24,22,1.135
1205,Col,24,22,1.659
1206,Col,24,22,1.589
1207,Col,24,22,1.924
1208,Col,24,22,1.596
1209,Col,24,22,1.470
1210,Col,24,22,1.424
1211,Col,24,22,1.431
1212,Col,24,22,1.392
1213,Col,24,22,1.280
1214,ELF3ox cop1-4,24,22,0.756
1215,ELF3ox cop1-4,24,22,1.023
1216,ELF3ox cop1-4,24,22,0.948
1217,ELF3ox cop1-4,24,22,0.907
1218,ELF3ox cop1-4,24,22,1.108
1219,ELF3ox cop1-4,24,22,1.294
1220,ELF3ox cop1-4,24,22,0.897
1221,ELF3ox cop1-4,24,22,0.882
1222,ELF3ox cop1-4,24,22,0.933
1223,ELF3ox cop1-4,24,22,1.148
1224,ELF3ox cop1-4,24,22,1.073
1225,ELF3ox cop1-4,24,22,0.969
1226,ELF3ox cop1-4,24,22,0.969
1227,ELF3ox cop1-4,24,22,1.107
1228,ELF3ox cop1-4,24,22,1.132
1229,ELF3ox cop1-4,24,22,1.381
1230,ELF3ox cop1-4,24,22,0.927
1231,ELF3ox cop1-4,24,22,1.183
1232,ELF3ox cop1-4,24,22,1.047
1233,ELF3ox cop1-4,24,22,1.027
1234,ELF3ox cop1-4,24,22,1.208
1235,ELF3ox cop1-4,24,22,1.189
1236,ELF3ox cop1-4,24,22,1.092
1237,ELF3ox cop1-4,24,22,1.182
1238,ELF3ox cop1-4,24,22,1.415
1239,elf3-8 cop1-4,24,22,0.907
1240,elf3-8 cop1-4,24,22,1.249
1241,elf3-8 cop1-4,24,22,1.233
1242,elf3-8 cop1-4,24,22,1.170
1243,elf3-8 cop1-4,24,22,1.393
1244,elf3-8 cop1-4,24,22,1.063
1245,elf3-8 cop1-4,24,22,1.110
1246,elf3-8 cop1-4,24,22,0.943
1247,elf3-8 cop1-4,24,22,0.803
1248,elf3-8 cop1-4,24,22,1.035
1249,elf3-8 cop1-4,24,22,1.064
1250,elf3-8 cop1-4,24,22,1.157
1251,elf3-8 cop1-4,24,22,1.020
1252,elf3-8 cop1-4,24,22,1.218
1253,elf3-8 cop1-4,24,22,1.047
1254,elf3-8 cop1-4,24,22,1.034
1255,elf3-8 cop1-4,24,22,1.083
1256,elf3-8 cop1-4,24,22,1.104
1257,elf3-8 cop1-4,24,22,0.939
1258,elf3-8 cop1-4,24,22,1.276
1259,elf3-8 cop1-4,24,22,1.158
1260,elf3-8 cop1-4,24,22,1.149
1261,elf3-8 cop1-4,24,22,1.067
1262,elf3-8 cop1-4,24,22,1.213
1263,elf3-8 cop1-4,24,22,1.274
1264,cop1-4,24,22,1.307
1265,cop1-4,24,22,1.076
1266,cop1-4,24,22,1.261
1267,cop1-4,24,22,1.224
1268,cop1-4,24,22,1.268
1269,cop1-4,24,22,1.183
1270,cop1-4,24,22,1.373
1271,cop1-4,24,22,1.276
1272,cop1-4,24,22,0.960
1273,cop1-4,24,22,1.135
1274,cop1-4,24,22,0.999
1275,cop1-4,24,22,1.187
1276,cop1-4,24,22,1.235
1277,cop1-4,24,22,1.157
1278,cop1-4,24,22,1.340
1279,cop1-4,24,22,1.342
1280,cop1-4,24,22,1.241
1281,cop1-4,24,22,0.967
1282,cop1-4,24,22,1.335
1283,cop1-4,24,22,1.425
1284,cop1-4,24,22,1.310
1285,cop1-4,24,22,1.471
1286,cop1-4,24,22,1.435
1287,cop1-4,24,22,1.424
1288,cop1-4,24,22,1.302
1289,cop1-4,24,22,1.581
1290,PHYBox,24,22,1.327
1291,phyB-9,24,22,2.310
1292,phyB-9,24,22,2.280
1293,phyB-9,24,22,2.502
1294,phyB-9,24,22,2.603
1295,phyB-9,24,22,2.108
1296,phyB-9,24,22,2.239
1297,phyB-9,24,22,2.400
1298,phyB-9,24,22,2.413
1299,phyB-9,24,22,2.231
1300,phyB-9,24,22,2.241
1301,phyB-9,24,22,2.461
1302,phyB-9,24,22,2.166
1303,phyB-9,24,22,2.433
1304,phyB-9,24,22,2.121
1305,phyB-9,24,22,1.836
1306,phyB-9,24,22,1.549
1307,phyB-9,24,22,1.914
1308,phyB-9,24,22,2.088
1309,phyB-9,24,22,2.548
1310,PHYBox,24,22,1.046
1311,ELF3ox,24,28,1.905
1312,ELF3ox,24,28,1.690
1313,ELF3ox,24,28,1.853
1314,ELF3ox,24,28,2.047
1315,ELF3ox,24,28,1.810
1316,ELF3ox,24,28,1.925
1317,ELF3ox,24,28,1.537
1318,ELF3ox,24,28,1.947
1319,ELF3ox,24,28,1.939
1320,ELF3ox,24,28,2.100
1321,ELF3ox,24,28,2.354
1322,ELF3ox,24,28,2.440
1323,ELF3ox,24,28,2.816
1324,ELF3ox,24,28,2.591
1325,ELF3ox,24,28,1.735
1326,ELF3ox,24,28,2.146
1327,ELF3ox,24,28,1.965
1328,ELF3ox,24,28,2.311
1329,ELF3ox,24,28,2.052
1330,ELF3ox,24,28,1.590
1331,ELF3ox,24,28,2.092
1332,ELF3ox,24,28,2.464
1333,ELF3ox,24,28,2.204
1334,ELF3ox,24,28,2.704
1335,ELF3ox,24,28,2.433
1336,ELF3ox,24,28,2.645
1337,ELF3ox,24,28,2.293
1338,ELF3ox,24,28,2.269
1339,ELF3ox,24,28,2.383
1340,ELF3ox,24,28,1.973
1341,ELF3ox,24,28,2.359
1342,elf3-8,24,28,1.642
1343,elf3-8,24,28,1.679
1344,elf3-8,24,28,1.676
1345,elf3-8,24,28,1.838
1346,elf3-8,24,28,1.763
1347,elf3-8,24,28,1.507
1348,elf3-8,24,28,3.093
1349,elf3-8,24,28,1.849
1350,elf3-8,24,28,1.951
1351,elf3-8,24,28,1.059
1352,elf3-8,24,28,1.315
1353,elf3-8,24,28,2.386
1354,elf3-8,24,28,2.097
1355,elf3-8,24,28,2.100
1356,elf3-8,24,28,1.736
1357,elf3-8,24,28,2.397
1358,elf3-8,24,28,1.977
1359,elf3-8,24,28,2.713
1360,elf3-8,24,28,2.593
1361,elf3-8,24,28,2.805
1362,elf3-8,24,28,1.914
1363,elf3-8,24,28,2.854
1364,elf3-8,24,28,1.863
1365,elf3-8,24,28,1.900
1366,elf3-8,24,28,1.903
1367,Col,24,28,1.567
1368,Col,24,28,1.921
1369,Col,24,28,2.176
1370,Col,24,28,2.117
1371,Col,24,28,1.869
1372,Col,24,28,1.820
1373,Col,24,28,2.118
1374,Col,24,28,1.709
1375,Col,24,28,2.204
1376,Col,24,28,1.865
1377,Col,24,28,2.364
1378,ELF3ox cop1-4,24,28,1.093
1379,ELF3ox cop1-4,24,28,1.679
1380,ELF3ox cop1-4,24,28,1.556
1381,ELF3ox cop1-4,24,28,1.520
1382,ELF3ox cop1-4,24,28,1.382
1383,ELF3ox cop1-4,24,28,1.520
1384,ELF3ox cop1-4,24,28,1.468
1385,ELF3ox cop1-4,24,28,1.073
1386,ELF3ox cop1-4,24,28,1.146
1387,ELF3ox cop1-4,24,28,1.269
1388,ELF3ox cop1-4,24,28,1.248
1389,ELF3ox cop1-4,24,28,1.195
1390,ELF3ox cop1-4,24,28,1.509
1391,ELF3ox cop1-4,24,28,1.233
1392,ELF3ox cop1-4,24,28,1.554
1393,ELF3ox cop1-4,24,28,1.367
1394,ELF3ox cop1-4,24,28,1.131
1395,ELF3ox cop1-4,24,28,1.312
1396,ELF3ox cop1-4,24,28,1.093
1397,ELF3ox cop1-4,24,28,1.249
1398,elf3-8 cop1-4,24,28,0.981
1399,elf3-8 cop1-4,24,28,0.767
1400,elf3-8 cop1-4,24,28,0.930
1401,elf3-8 cop1-4,24,28,0.929
1402,elf3-8 cop1-4,24,28,1.321
1403,elf3-8 cop1-4,24,28,1.151
1404,elf3-8 cop1-4,24,28,1.410
1405,elf3-8 cop1-4,24,28,1.517
1406,elf3-8 cop1-4,24,28,1.416
1407,elf3-8 cop1-4,24,28,1.350
1408,elf3-8 cop1-4,24,28,1.014
1409,elf3-8 cop1-4,24,28,1.122
1410,elf3-8 cop1-4,24,28,1.118
1411,elf3-8 cop1-4,24,28,1.182
1412,elf3-8 cop1-4,24,28,1.067
1413,elf3-8 cop1-4,24,28,1.223
1414,elf3-8 cop1-4,24,28,1.151
1415,elf3-8 cop1-4,24,28,1.267
1416,elf3-8 cop1-4,24,28,1.375
1417,cop1-4,24,28,1.705
1418,cop1-4,24,28,1.503
1419,cop1-4,24,28,1.721
1420,cop1-4,24,28,1.462
1421,cop1-4,24,28,1.705
1422,cop1-4,24,28,1.367
1423,cop1-4,24,28,1.249
1424,cop1-4,24,28,1.576
1425,cop1-4,24,28,1.466
1426,cop1-4,24,28,1.466
1427,cop1-4,24,28,1.586
1428,cop1-4,24,28,1.374
1429,cop1-4,24,28,1.645
1430,cop1-4,24,28,1.589
1431,cop1-4,24,28,1.335
1432,cop1-4,24,28,1.313
1433,cop1-4,24,28,1.422
1434,cop1-4,24,28,1.310
1435,cop1-4,24,28,1.263
1436,cop1-4,24,28,1.174
1437,cop1-4,24,28,1.167
1438,cop1-4,24,28,1.402
1439,cop1-4,24,28,1.215
1440,cop1-4,24,28,1.372
1441,cop1-4,24,28,1.314
1442,cop1-4,24,28,1.440
1443,PHYBox,24,28,1.352
1444,PHYBox,24,28,1.458
1445,PHYBox,24,28,1.282
1446,PHYBox,24,28,1.019
1447,phyB-9,24,28,6.975
1448,phyB-9,24,28,6.278
1449,phyB-9,24,28,6.116
1450,phyB-9,24,28,6.410
1451,phyB-9,24,28,6.109
1452,phyB-9,24,28,5.746
1453,phyB-9,24,28,6.691
1454,phyB-9,24,28,6.789
1455,phyB-9,24,28,5.633
1456,phyB-9,24,28,6.568
1457,phyB-9,24,28,5.543
1458,phyB-9,24,28,5.823
1459,phyB-9,24,28,6.166
1460,phyB-9,24,28,6.158
1461,phyB-9,24,28,6.239
1462,phyB-9,24,28,5.318
1463,phyB-9,24,28,6.616
1464,PIF4ox,8,22,10.997
1465,PIF4ox,8,22,9.010
1466,PIF4ox,8,22,8.472
1467,PIF4ox,8,22,9.416
1468,PIF4ox,8,22,9.308
1469,PIF4ox,8,22,7.670
1470,PIF4ox,8,22,10.658
1471,PIF4ox,8,22,12.105
1472,lux,8,22,10.224
1473,lux,8,22,9.580
1474,lux,8,22,9.379
1475,lux,8,22,9.290
1476,lux,8,22,9.194
1477,lux,8,22,9.285
1478,lux,8,22,8.533
1479,lux,8,22,8.269
1480,lux,8,22,6.938
1481,lux,8,22,8.031
1482,lux,8,22,8.786
1483,lux,8,22,9.263
1484,lux,8,22,7.795
1485,lux,8,22,7.141
1486,lux,8,22,7.875
1487,lux,8,22,7.398
1488,lux,8,22,7.530
1489,lux,8,22,8.458
1490,lux,8,22,9.893
1491,lux,8,22,9.418
1492,lux,8,22,7.268
1493,lux,8,22,10.399
1494,lux,8,22,8.885
1495,lux,8,22,7.920
1496,lux,8,22,9.185
1497,lux,8,22,9.514
1498,lux,8,22,9.593
1499,lux,8,22,8.348
1500,hy5,8,22,8.275
1501,hy5,8,22,8.471
1502,hy5,8,22,8.109
1503,hy5,8,22,7.632
1504,hy5,8,22,7.028
1505,hy5,8,22,9.546
1506,hy5,8,22,7.025
1507,hy5,8,22,8.440
1508,hy5,8,22,8.642
1509,hy5,8,22,7.757
1510,hy5,8,22,9.162
1511,hy5,8,22,8.775
1512,hy5,8,22,8.280
1513,hy5,8,22,9.393
1514,hy5,8,22,5.855
1515,hy5,8,22,6.921
1516,hy5,8,22,8.297
1517,hy5,8,22,7.625
1518,hy5,8,22,7.508
1519,hy5,8,22,9.491
1520,hy5,8,22,8.787
1521,pif4,8,22,3.447
1522,pif4,8,22,2.802
1523,pif4,8,22,2.837
1524,pif4,8,22,3.923
1525,pif4,8,22,3.628
1526,pif4,8,22,3.623
1527,pif4,8,22,3.658
1528,pif4,8,22,3.485
1529,pif4,8,22,2.988
1530,pif4,8,22,3.069
1531,pif4,8,22,3.562
1532,pif4,8,22,3.710
1533,pif4,8,22,4.141
1534,pif4,8,22,3.198
1535,pif4,8,22,3.882
1536,pif4,8,22,4.172
1537,pif4,8,22,3.465
1538,pif4,8,22,4.216
1539,pif4,8,22,3.516
1540,pif4,8,22,3.548
1541,pif4,8,22,3.653
1542,pif4,8,22,4.393
1543,pif4,8,22,4.173
1544,pif4,8,22,3.088
1545,pif4,8,22,3.684
1546,pif4,8,22,4.123
1547,pif4,8,22,3.938
1548,pifq,8,22,1.581
1549,pifq,8,22,1.888
1550,pifq,8,22,1.621
1551,pifq,8,22,1.599
1552,pifq,8,22,2.357
1553,pifq,8,22,2.068
1554,pifq,8,22,2.004
1555,pifq,8,22,2.572
1556,pifq,8,22,2.187
1557,pifq,8,22,2.422
1558,det1-1,8,22,3.002
1559,det1-1,8,22,3.940
1560,det1-1,8,22,4.590
1561,det1-1,8,22,4.657
1562,det1-1,8,22,3.166
1563,det1-1,8,22,4.393
1564,det1-1,8,22,3.980
1565,det1-1,8,22,4.011
1566,det1-1,8,22,3.704
1567,det1-1,8,22,4.229
1568,det1-1,8,22,3.872
1569,det1-1,8,22,3.554
1570,det1-1,8,22,4.843
1571,det1-1,8,22,5.011
1572,det1-1,8,22,4.209
1573,det1-1,8,22,4.670
1574,det1-1,8,22,4.844
1575,det1-1,8,22,4.061
1576,det1-1,8,22,4.343
1577,det1-1,8,22,4.560
1578,det1-1,8,22,4.372
1579,det1-1,8,22,3.976
1580,det1-1,8,22,4.392
1581,det1-1,8,22,2.955
1582,det1-1,8,22,3.695
1583,det1-1,8,22,2.969
1584,det1-1,8,22,4.228
1585,det1-1,8,22,3.818
1586,det1-1,8,22,3.689
1587,det1-1,8,22,3.303
1588,det1-1,8,22,4.069
1589,det1-1,8,22,3.191
1590,det1-1,8,22,2.634
1591,det1-1,8,22,2.807
1592,det1-1,8,22,3.424
1593,det1-1,8,22,3.553
1594,elf4,8,22,5.809
1595,elf4,8,22,4.841
1596,elf4,8,22,4.390
1597,elf4,8,22,5.178
1598,elf4,8,22,4.475
1599,elf4,8,22,4.369
1600,elf4,8,22,4.995
1601,elf4,8,22,5.163
1602,elf4,8,22,4.969
1603,elf4,8,22,6.116
1604,elf4,8,22,5.381
1605,elf4,8,22,5.371
1606,elf4,8,22,5.723
1607,elf4,8,22,6.525
1608,elf4,8,22,4.306
1609,elf4,8,22,3.675
1610,elf4,8,22,5.660
1611,elf4,8,22,4.363
1612,elf4,8,22,5.330
1613,elf4,8,22,4.637
1614,elf4,8,22,4.944
1615,elf4,8,22,3.960
1616,lux,8,28,10.602
1617,lux,8,28,11.944
1618,lux,8,28,12.269
1619,lux,8,28,10.810
1620,lux,8,28,12.902
1621,lux,8,28,12.763
1622,lux,8,28,9.858
1623,lux,8,28,12.403
1624,lux,8,28,11.044
1625,lux,8,28,10.420
1626,lux,8,28,11.626
1627,lux,8,28,11.104
1628,lux,8,28,12.325
1629,lux,8,28,14.295
1630,lux,8,28,13.394
1631,lux,8,28,10.928
1632,lux,8,28,9.673
1633,lux,8,28,10.605
1634,lux,8,28,10.770
1635,lux,8,28,14.127
1636,lux,8,28,12.785
1637,lux,8,28,12.380
1638,lux,8,28,11.811
1639,lux,8,28,11.973
1640,lux,8,28,14.305
1641,lux,8,28,9.648
1642,lux,8,28,9.641
1643,lux,8,28,10.180
1644,hy5,8,28,13.896
1645,hy5,8,28,12.259
1646,hy5,8,28,14.996
1647,hy5,8,28,11.130
1648,hy5,8,28,12.929
1649,hy5,8,28,12.366
1650,hy5,8,28,14.081
1651,hy5,8,28,14.832
1652,hy5,8,28,14.501
1653,hy5,8,28,13.983
1654,hy5,8,28,14.593
1655,hy5,8,28,12.546
1656,hy5,8,28,14.408
1657,hy5,8,28,13.366
1658,hy5,8,28,12.403
1659,hy5,8,28,14.210
1660,hy5,8,28,12.600
1661,hy5,8,28,14.717
1662,hy5,8,28,12.252
1663,pif4,8,28,6.598
1664,pif4,8,28,6.985
1665,pif4,8,28,7.646
1666,pif4,8,28,7.585
1667,pif4,8,28,7.821
1668,pif4,8,28,5.420
1669,pif4,8,28,6.036
1670,pif4,8,28,7.331
1671,pif4,8,28,6.145
1672,pif4,8,28,6.345
1673,pif4,8,28,6.742
1674,pif4,8,28,5.964
1675,pif4,8,28,6.829
1676,pif4,8,28,7.353
1677,pif4,8,28,6.722
1678,pif4,8,28,6.332
1679,pif4,8,28,7.380
1680,pif4,8,28,6.775
1681,pif4,8,28,7.422
1682,pif4,8,28,6.286
1683,pif4,8,28,6.539
1684,pif4,8,28,5.584
1685,pif4,8,28,5.866
1686,pif4,8,28,7.735
1687,pif4,8,28,5.788
1688,pif4,8,28,7.595
1689,pif4,8,28,6.441
1690,pif4,8,28,7.554
1691,pif4,8,28,5.860
1692,pifq,8,28,3.048
1693,pifq,8,28,3.504
1694,pifq,8,28,2.640
1695,pifq,8,28,2.800
1696,pifq,8,28,3.456
1697,pifq,8,28,2.762
1698,pifq,8,28,3.037
1699,pifq,8,28,2.961
1700,pifq,8,28,3.333
1701,pifq,8,28,2.103
1702,pifq,8,28,3.629
1703,pifq,8,28,2.572
1704,pifq,8,28,2.948
1705,pifq,8,28,3.121
1706,pifq,8,28,2.828
1707,pifq,8,28,2.572
1708,det1-1,8,28,2.857
1709,det1-1,8,28,3.274
1710,det1-1,8,28,3.150
1711,det1-1,8,28,3.036
1712,det1-1,8,28,2.977
1713,det1-1,8,28,4.780
1714,det1-1,8,28,3.627
1715,det1-1,8,28,3.765
1716,det1-1,8,28,3.361
1717,det1-1,8,28,2.564
1718,det1-1,8,28,2.961
1719,det1-1,8,28,3.375
1720,det1-1,8,28,4.083
1721,det1-1,8,28,3.936
1722,det1-1,8,28,3.781
1723,det1-1,8,28,4.405
1724,det1-1,8,28,3.791
1725,det1-1,8,28,3.705
1726,det1-1,8,28,3.899
1727,det1-1,8,28,3.717
1728,det1-1,8,28,4.656
1729,det1-1,8,28,4.199
1730,det1-1,8,28,3.016
1731,det1-1,8,28,3.797
1732,det1-1,8,28,3.557
1733,det1-1,8,28,4.628
1734,det1-1,8,28,4.690
1735,det1-1,8,28,3.878
1736,det1-1,8,28,3.676
1737,det1-1,8,28,4.149
1738,det1-1,8,28,4.272
1739,det1-1,8,28,4.378
1740,det1-1,8,28,4.169
1741,det1-1,8,28,4.437
1742,det1-1,8,28,4.461
1743,elf4,8,28,7.712
1744,elf4,8,28,11.451
1745,elf4,8,28,8.541
1746,elf4,8,28,9.196
1747,elf4,8,28,9.149
1748,elf4,8,28,11.124
1749,elf4,8,28,8.376
1750,elf4,8,28,9.685
1751,elf4,8,28,9.522
1752,elf4,8,28,9.625
1753,elf4,8,28,8.884
1754,elf4,8,28,7.543
1755,elf4,8,28,8.555
1756,elf4,8,28,8.393
1757,elf4,8,28,7.453
1758,elf4,8,28,11.759
1759,elf4,8,28,11.252
1760,elf4,8,28,8.896
1761,elf4,8,28,9.845
1762,elf4,8,28,12.035
1763,elf4,8,28,9.410
1764,elf4,8,28,7.381
1765,elf4,8,28,6.951
1766,PIF4ox,8,28,11.791
1767,PIF4ox,8,28,9.484
1768,PIF4ox,8,28,8.306
1769,PIF4ox,8,28,9.530
1770,PIF4ox,8,28,8.140
1771,PIF4ox,8,28,9.749
1772,PIF4ox,8,28,8.608
1773,PIF4ox,8,28,10.471
1774,PIF4ox,8,28,12.449
1775,PIF4ox,8,28,9.730
1776,PIF4ox,0,22,12.310
1777,lux,0,22,13.819
1778,lux,0,22,12.658
1779,lux,0,22,10.142
1780,lux,0,22,10.912
1781,lux,0,22,11.979
1782,lux,0,22,12.820
1783,lux,0,22,10.460
1784,lux,0,22,16.266
1785,lux,0,22,12.713
1786,lux,0,22,12.084
1787,lux,0,22,12.755
1788,lux,0,22,12.047
1789,lux,0,22,13.924
1790,lux,0,22,12.829
1791,lux,0,22,13.088
1792,lux,0,22,11.950
1793,lux,0,22,14.050
1794,lux,0,22,14.408
1795,lux,0,22,12.163
1796,lux,0,22,10.614
1797,lux,0,22,9.314
1798,lux,0,22,10.570
1799,lux,0,22,14.537
1800,lux,0,22,13.877
1801,lux,0,22,13.839
1802,lux,0,22,11.988
1803,lux,0,22,10.030
1804,lux,0,22,9.270
1805,hy5,0,22,12.945
1806,hy5,0,22,14.807
1807,hy5,0,22,15.974
1808,hy5,0,22,15.656
1809,hy5,0,22,12.995
1810,hy5,0,22,13.263
1811,hy5,0,22,12.732
1812,hy5,0,22,15.255
1813,hy5,0,22,14.977
1814,hy5,0,22,12.684
1815,hy5,0,22,14.121
1816,hy5,0,22,16.185
1817,hy5,0,22,15.249
1818,hy5,0,22,12.546
1819,hy5,0,22,13.533
1820,hy5,0,22,10.744
1821,hy5,0,22,13.448
1822,hy5,0,22,10.320
1823,hy5,0,22,13.655
1824,hy5,0,22,13.415
1825,hy5,0,22,13.316
1826,hy5,0,22,12.772
1827,hy5,0,22,9.552
1828,hy5,0,22,11.390
1829,pif4,0,22,10.438
1830,pif4,0,22,9.354
1831,pif4,0,22,9.209
1832,pif4,0,22,10.948
1833,pif4,0,22,10.801
1834,pif4,0,22,9.096
1835,pif4,0,22,13.585
1836,pif4,0,22,9.438
1837,pif4,0,22,9.622
1838,pif4,0,22,8.642
1839,pif4,0,22,10.725
1840,pif4,0,22,7.834
1841,pif4,0,22,10.422
1842,pif4,0,22,9.069
1843,pif4,0,22,9.392
1844,pif4,0,22,12.396
1845,pif4,0,22,8.615
1846,pif4,0,22,8.409
1847,pif4,0,22,10.652
1848,pif4,0,22,11.367
1849,pif4,0,22,9.852
1850,pifq,0,22,8.992
1851,pifq,0,22,9.270
1852,pifq,0,22,9.420
1853,pifq,0,22,7.929
1854,pifq,0,22,7.507
1855,pifq,0,22,8.421
1856,det1-1,0,22,9.655
1857,det1-1,0,22,10.509
1858,det1-1,0,22,10.787
1859,det1-1,0,22,11.787
1860,det1-1,0,22,11.323
1861,det1-1,0,22,9.657
1862,det1-1,0,22,12.363
1863,det1-1,0,22,10.669
1864,det1-1,0,22,11.201
1865,det1-1,0,22,11.081
1866,det1-1,0,22,8.205
1867,det1-1,0,22,11.514
1868,det1-1,0,22,9.475
1869,det1-1,0,22,10.396
1870,det1-1,0,22,10.069
1871,det1-1,0,22,12.149
1872,det1-1,0,22,9.879
1873,det1-1,0,22,11.451
1874,det1-1,0,22,10.719
1875,det1-1,0,22,10.741
1876,det1-1,0,22,11.986
1877,det1-1,0,22,11.664
1878,det1-1,0,22,11.351
1879,det1-1,0,22,12.488
1880,det1-1,0,22,10.321
1881,det1-1,0,22,11.774
1882,det1-1,0,22,11.713
1883,det1-1,0,22,11.259
1884,det1-1,0,22,9.166
1885,det1-1,0,22,10.998
1886,det1-1,0,22,9.078
1887,det1-1,0,22,11.935
1888,det1-1,0,22,10.768
1889,det1-1,0,22,10.250
1890,det1-1,0,22,11.253
1891,det1-1,0,22,10.198
1892,elf4,0,22,8.887
1893,elf4,0,22,13.123
1894,elf4,0,22,9.559
1895,elf4,0,22,8.450
1896,elf4,0,22,8.539
1897,elf4,0,22,9.711
1898,elf4,0,22,9.012
1899,elf4,0,22,9.515
1900,elf4,0,22,7.670
1901,elf4,0,22,8.872
1902,elf4,0,22,8.064
1903,elf4,0,22,10.512
1904,elf4,0,22,9.004
1905,elf4,0,22,9.312
1906,elf4,0,22,7.059
1907,elf4,0,22,7.955
1908,elf4,0,22,8.376
1909,elf4,0,22,8.670
1910,elf4,0,22,8.877
1911,elf4,0,22,9.158
1912,elf4,0,22,8.767
1913,elf4,0,22,8.690
1914,elf4,0,22,7.595
1915,elf4,0,22,8.688
1916,elf4,0,22,10.744
1917,elf4,0,22,11.469
1918,elf4,0,22,7.439
1919,elf4,0,22,10.784
1920,elf4,0,22,7.080
1921,elf4,0,22,8.350
1922,PIF4ox,0,28,13.660
1923,PIF4ox,0,28,11.567
1924,PIF4ox,0,28,10.020
1925,PIF4ox,0,28,14.073
1926,PIF4ox,0,28,13.737
1927,lux,0,28,12.464
1928,lux,0,28,14.784
1929,lux,0,28,17.926
1930,lux,0,28,12.346
1931,lux,0,28,15.408
1932,lux,0,28,14.733
1933,lux,0,28,12.162
1934,lux,0,28,10.575
1935,lux,0,28,11.589
1936,lux,0,28,12.580
1937,lux,0,28,15.182
1938,lux,0,28,15.918
1939,lux,0,28,16.645
1940,lux,0,28,12.926
1941,lux,0,28,15.624
1942,lux,0,28,15.807
1943,lux,0,28,16.402
1944,lux,0,28,16.191
1945,lux,0,28,11.666
1946,lux,0,28,15.810
1947,lux,0,28,16.039
1948,lux,0,28,13.805
1949,lux,0,28,15.138
1950,lux,0,28,17.830
1951,lux,0,28,14.756
1952,lux,0,28,13.958
1953,lux,0,28,13.389
1954,lux,0,28,15.665
1955,lux,0,28,17.554
1956,lux,0,28,11.638
1957,lux,0,28,13.580
1958,hy5,0,28,14.513
1959,hy5,0,28,16.897
1960,hy5,0,28,17.131
1961,hy5,0,28,15.961
1962,hy5,0,28,16.893
1963,hy5,0,28,16.068
1964,hy5,0,28,16.229
1965,hy5,0,28,13.779
1966,hy5,0,28,13.355
1967,hy5,0,28,15.945
1968,hy5,0,28,14.693
1969,hy5,0,28,14.166
1970,hy5,0,28,14.032
1971,hy5,0,28,15.756
1972,hy5,0,28,16.962
1973,pif4,0,28,14.133
1974,pif4,0,28,13.108
1975,pif4,0,28,12.790
1976,pif4,0,28,10.922
1977,pif4,0,28,13.728
1978,pif4,0,28,13.246
1979,pif4,0,28,14.168
1980,pif4,0,28,13.195
1981,pif4,0,28,10.666
1982,pif4,0,28,13.198
1983,pif4,0,28,11.757
1984,pif4,0,28,9.709
1985,pif4,0,28,12.330
1986,pif4,0,28,10.010
1987,pif4,0,28,14.574
1988,pif4,0,28,14.231
1989,pif4,0,28,9.249
1990,pif4,0,28,11.862
1991,pif4,0,28,9.532
1992,pif4,0,28,10.548
1993,pif4,0,28,9.932
1994,pif4,0,28,10.673
1995,pif4,0,28,10.406
1996,pif4,0,28,10.812
1997,pif4,0,28,10.027
1998,pif4,0,28,10.843
1999,pif4,0,28,14.286
2000,pifq,0,28,10.229
2001,pifq,0,28,9.813
2002,pifq,0,28,6.503
2003,pifq,0,28,8.478
2004,pifq,0,28,8.916
2005,pifq,0,28,10.898
2006,pifq,0,28,9.064
2007,det1-1,0,28,4.994
2008,det1-1,0,28,6.923
2009,det1-1,0,28,7.232
2010,det1-1,0,28,5.565
2011,det1-1,0,28,7.662
2012,det1-1,0,28,6.879
2013,det1-1,0,28,7.746
2014,det1-1,0,28,5.548
2015,det1-1,0,28,5.529
2016,det1-1,0,28,5.204
2017,det1-1,0,28,4.574
2018,det1-1,0,28,7.857
2019,det1-1,0,28,5.943
2020,det1-1,0,28,7.956
2021,det1-1,0,28,6.406
2022,det1-1,0,28,5.919
2023,det1-1,0,28,3.600
2024,det1-1,0,28,5.321
2025,det1-1,0,28,7.159
2026,det1-1,0,28,6.801
2027,det1-1,0,28,7.171
2028,det1-1,0,28,7.183
2029,det1-1,0,28,7.274
2030,det1-1,0,28,6.368
2031,det1-1,0,28,6.353
2032,det1-1,0,28,6.105
2033,det1-1,0,28,7.027
2034,det1-1,0,28,8.030
2035,det1-1,0,28,5.810
2036,det1-1,0,28,8.765
2037,det1-1,0,28,7.263
2038,det1-1,0,28,8.173
2039,det1-1,0,28,6.023
2040,det1-1,0,28,8.513
2041,det1-1,0,28,6.475
2042,elf4,0,28,10.974
2043,elf4,0,28,10.347
2044,elf4,0,28,13.404
2045,elf4,0,28,10.699
2046,elf4,0,28,14.375
2047,elf4,0,28,11.499
2048,elf4,0,28,9.551
2049,elf4,0,28,12.511
2050,elf4,0,28,13.077
2051,elf4,0,28,14.096
2052,elf4,0,28,12.134
2053,elf4,0,28,12.142
2054,elf4,0,28,11.825
2055,elf4,0,28,13.004
2056,elf4,0,28,13.171
2057,elf4,0,28,13.846
2058,elf4,0,28,13.881
2059,elf4,0,28,12.513
2060,elf4,0,28,12.630
2061,elf4,0,28,16.814
2062,elf4,0,28,11.985
2063,elf4,0,28,12.638
2064,elf4,0,28,12.892
2065,PIF4ox,12,22,4.641
2066,PIF4ox,12,22,3.319
2067,PIF4ox,12,22,4.419
2068,PIF4ox,12,22,3.802
2069,PIF4ox,12,22,5.324
2070,PIF4ox,12,22,4.655
2071,PIF4ox,12,22,4.453
2072,PIF4ox,12,22,5.799
2073,PIF4ox,12,22,5.021
2074,PIF4ox,12,22,7.249
2075,PIF4ox,12,22,5.417
2076,PIF4ox,12,22,5.617
2077,lux,12,22,6.713
2078,lux,12,22,5.441
2079,lux,12,22,6.600
2080,lux,12,22,6.205
2081,lux,12,22,6.374
2082,lux,12,22,5.659
2083,lux,12,22,5.426
2084,lux,12,22,6.049
2085,lux,12,22,5.123
2086,lux,12,22,5.548
2087,lux,12,22,5.909
2088,lux,12,22,6.454
2089,lux,12,22,6.015
2090,lux,12,22,5.744
2091,lux,12,22,5.301
2092,lux,12,22,5.793
2093,lux,12,22,6.290
2094,lux,12,22,6.168
2095,lux,12,22,6.461
2096,lux,12,22,6.512
2097,lux,12,22,5.670
2098,lux,12,22,6.035
2099,lux,12,22,5.365
2100,lux,12,22,6.990
2101,lux,12,22,5.944
2102,hy5,12,22,7.066
2103,hy5,12,22,7.219
2104,hy5,12,22,6.083
2105,hy5,12,22,7.346
2106,hy5,12,22,6.791
2107,hy5,12,22,5.774
2108,hy5,12,22,5.948
2109,hy5,12,22,6.657
2110,hy5,12,22,6.516
2111,hy5,12,22,6.478
2112,hy5,12,22,5.802
2113,hy5,12,22,6.880
2114,hy5,12,22,6.237
2115,hy5,12,22,5.571
2116,pif4,12,22,2.048
2117,pif4,12,22,2.092
2118,pif4,12,22,2.007
2119,pif4,12,22,2.108
2120,pif4,12,22,1.683
2121,pif4,12,22,1.529
2122,pif4,12,22,1.822
2123,pif4,12,22,2.088
2124,pif4,12,22,1.606
2125,pif4,12,22,1.986
2126,pif4,12,22,2.207
2127,pif4,12,22,1.868
2128,pif4,12,22,1.804
2129,pif4,12,22,2.022
2130,pif4,12,22,2.084
2131,pif4,12,22,1.879
2132,pif4,12,22,2.092
2133,pif4,12,22,1.823
2134,pif4,12,22,1.877
2135,pif4,12,22,2.195
2136,pif4,12,22,1.868
2137,pif4,12,22,1.541
2138,pif4,12,22,1.957
2139,pif4,12,22,1.867
2140,pif4,12,22,2.168
2141,pif4,12,22,2.075
2142,pif4,12,22,1.882
2143,pif4,12,22,1.740
2144,pif4,12,22,1.765
2145,pifq,12,22,1.655
2146,pifq,12,22,1.419
2147,pifq,12,22,1.590
2148,pifq,12,22,1.467
2149,pifq,12,22,1.335
2150,det1-1,12,22,2.312
2151,det1-1,12,22,2.798
2152,det1-1,12,22,2.792
2153,det1-1,12,22,2.773
2154,det1-1,12,22,3.068
2155,det1-1,12,22,2.423
2156,det1-1,12,22,2.852
2157,det1-1,12,22,2.116
2158,det1-1,12,22,2.753
2159,det1-1,12,22,2.518
2160,det1-1,12,22,2.515
2161,det1-1,12,22,2.587
2162,det1-1,12,22,2.626
2163,det1-1,12,22,2.255
2164,det1-1,12,22,2.820
2165,det1-1,12,22,2.822
2166,det1-1,12,22,3.089
2167,det1-1,12,22,3.035
2168,det1-1,12,22,2.423
2169,det1-1,12,22,2.662
2170,det1-1,12,22,3.063
2171,det1-1,12,22,3.008
2172,elf4,12,22,2.426
2173,elf4,12,22,2.553
2174,elf4,12,22,2.985
2175,elf4,12,22,2.764
2176,elf4,12,22,2.787
2177,elf4,12,22,2.775
2178,elf4,12,22,2.359
2179,elf4,12,22,3.415
2180,elf4,12,22,3.091
2181,elf4,12,22,3.240
2182,elf4,12,22,2.396
2183,elf4,12,22,2.772
2184,elf4,12,22,3.890
2185,elf4,12,22,3.233
2186,elf4,12,22,2.983
2187,elf4,12,22,3.234
2188,elf4,12,22,2.984
2189,elf4,12,22,2.561
2190,elf4,12,22,3.395
2191,elf4,12,22,2.786
2192,elf4,12,22,2.493
2193,elf4,12,22,2.287
2194,PIF4ox,12,28,12.933
2195,PIF4ox,12,28,14.001
2196,PIF4ox,12,28,11.144
2197,PIF4ox,12,28,11.734
2198,PIF4ox,12,28,10.553
2199,PIF4ox,12,28,8.789
2200,PIF4ox,12,28,11.435
2201,PIF4ox,12,28,10.054
2202,lux,12,28,7.719
2203,lux,12,28,10.391
2204,lux,12,28,9.627
2205,lux,12,28,10.106
2206,lux,12,28,8.973
2207,lux,12,28,8.900
2208,lux,12,28,8.496
2209,lux,12,28,9.790
2210,lux,12,28,8.818
2211,lux,12,28,8.859
2212,lux,12,28,8.059
2213,lux,12,28,8.812
2214,lux,12,28,8.969
2215,lux,12,28,11.006
2216,lux,12,28,11.037
2217,lux,12,28,8.888
2218,lux,12,28,7.198
2219,lux,12,28,8.456
2220,lux,12,28,10.065
2221,lux,12,28,9.723
2222,lux,12,28,9.366
2223,lux,12,28,8.240
2224,lux,12,28,8.552
2225,lux,12,28,8.386
2226,hy5,12,28,11.231
2227,hy5,12,28,11.183
2228,hy5,12,28,11.926
2229,hy5,12,28,10.915
2230,hy5,12,28,9.739
2231,hy5,12,28,10.865
2232,hy5,12,28,12.130
2233,hy5,12,28,10.217
2234,hy5,12,28,11.237
2235,hy5,12,28,9.957
2236,hy5,12,28,11.305
2237,pif4,12,28,3.839
2238,pif4,12,28,3.598
2239,pif4,12,28,3.922
2240,pif4,12,28,4.279
2241,pif4,12,28,3.572
2242,pif4,12,28,3.822
2243,pif4,12,28,3.171
2244,pif4,12,28,3.975
2245,pif4,12,28,4.893
2246,pif4,12,28,4.003
2247,pif4,12,28,4.956
2248,pif4,12,28,3.916
2249,pif4,12,28,3.618
2250,pif4,12,28,3.669
2251,pif4,12,28,4.875
2252,pif4,12,28,4.702
2253,pif4,12,28,4.820
2254,pif4,12,28,4.276
2255,pif4,12,28,3.767
2256,pif4,12,28,3.629
2257,pif4,12,28,3.782
2258,pif4,12,28,3.619
2259,pif4,12,28,3.403
2260,pif4,12,28,3.404
2261,pif4,12,28,3.152
2262,pif4,12,28,3.414
2263,pifq,12,28,1.744
2264,pifq,12,28,2.168
2265,pifq,12,28,2.708
2266,pifq,12,28,1.598
2267,pifq,12,28,1.772
2268,pifq,12,28,1.900
2269,pifq,12,28,3.110
2270,pifq,12,28,1.820
2271,det1-1,12,28,2.610
2272,det1-1,12,28,2.774
2273,det1-1,12,28,2.807
2274,det1-1,12,28,2.770
2275,det1-1,12,28,2.677
2276,det1-1,12,28,3.547
2277,det1-1,12,28,3.146
2278,det1-1,12,28,2.695
2279,det1-1,12,28,3.514
2280,det1-1,12,28,3.493
2281,det1-1,12,28,2.600
2282,det1-1,12,28,2.958
2283,det1-1,12,28,2.565
2284,det1-1,12,28,2.890
2285,det1-1,12,28,2.875
2286,det1-1,12,28,3.504
2287,det1-1,12,28,2.854
2288,det1-1,12,28,3.139
2289,det1-1,12,28,2.594
2290,det1-1,12,28,2.304
2291,det1-1,12,28,2.967
2292,det1-1,12,28,3.192
2293,elf4,12,28,6.322
2294,elf4,12,28,6.797
2295,elf4,12,28,7.436
2296,elf4,12,28,8.086
2297,elf4,12,28,6.449
2298,elf4,12,28,7.496
2299,elf4,12,28,8.290
2300,elf4,12,28,8.185
2301,elf4,12,28,8.078
2302,elf4,12,28,7.610
2303,elf4,12,28,7.568
2304,elf4,12,28,4.799
2305,elf4,12,28,6.130
2306,elf4,12,28,6.794
2307,elf4,12,28,7.551
2308,PIF4ox,24,22,4.579
2309,PIF4ox,24,22,4.071
2310,PIF4ox,24,22,4.134
2311,PIF4ox,24,22,4.026
2312,lux,24,22,1.202
2313,lux,24,22,1.530
2314,lux,24,22,1.700
2315,lux,24,22,1.989
2316,lux,24,22,1.995
2317,lux,24,22,2.212
2318,lux,24,22,1.868
2319,lux,24,22,2.054
2320,lux,24,22,1.567
2321,lux,24,22,2.331
2322,lux,24,22,2.206
2323,lux,24,22,1.977
2324,lux,24,22,1.727
2325,lux,24,22,1.708
2326,lux,24,22,1.863
2327,lux,24,22,1.841
2328,lux,24,22,2.068
2329,lux,24,22,1.892
2330,lux,24,22,1.647
2331,lux,24,22,1.886
2332,lux,24,22,1.942
2333,lux,24,22,1.700
2334,lux,24,22,1.716
2335,lux,24,22,2.043
2336,lux,24,22,1.782
2337,lux,24,22,1.787
2338,lux,24,22,1.655
2339,lux,24,22,1.754
2340,lux,24,22,1.670
2341,lux,24,22,1.480
2342,lux,24,22,1.700
2343,lux,24,22,1.433
2344,hy5,24,22,3.126
2345,hy5,24,22,2.791
2346,hy5,24,22,2.309
2347,hy5,24,22,1.887
2348,hy5,24,22,1.913
2349,hy5,24,22,3.277
2350,hy5,24,22,2.895
2351,hy5,24,22,2.649
2352,hy5,24,22,2.434
2353,hy5,24,22,2.774
2354,hy5,24,22,2.442
2355,hy5,24,22,2.327
2356,hy5,24,22,4.053
2357,hy5,24,22,3.013
2358,pif4,24,22,1.294
2359,pif4,24,22,1.265
2360,pif4,24,22,1.240
2361,pif4,24,22,1.216
2362,pif4,24,22,1.229
2363,pif4,24,22,1.400
2364,pif4,24,22,0.754
2365,pif4,24,22,1.241
2366,pif4,24,22,1.294
2367,pif4,24,22,1.310
2368,pif4,24,22,1.200
2369,pif4,24,22,1.400
2370,pif4,24,22,1.145
2371,pif4,24,22,1.239
2372,pif4,24,22,1.468
2373,pif4,24,22,1.344
2374,pif4,24,22,1.439
2375,pif4,24,22,1.767
2376,pifq,24,22,1.705
2377,pifq,24,22,1.474
2378,det1-1,24,22,1.530
2379,det1-1,24,22,1.139
2380,det1-1,24,22,1.149
2381,det1-1,24,22,1.567
2382,det1-1,24,22,1.635
2383,det1-1,24,22,1.551
2384,det1-1,24,22,1.167
2385,det1-1,24,22,1.014
2386,det1-1,24,22,1.354
2387,det1-1,24,22,1.766
2388,det1-1,24,22,1.378
2389,det1-1,24,22,1.369
2390,det1-1,24,22,1.214
2391,det1-1,24,22,1.304
2392,det1-1,24,22,1.488
2393,det1-1,24,22,1.447
2394,det1-1,24,22,1.721
2395,det1-1,24,22,1.802
2396,det1-1,24,22,1.468
2397,det1-1,24,22,1.482
2398,elf4,24,22,1.562
2399,elf4,24,22,1.759
2400,elf4,24,22,1.863
2401,elf4,24,22,1.849
2402,elf4,24,22,1.669
2403,elf4,24,22,1.746
2404,elf4,24,22,1.658
2405,elf4,24,22,1.721
2406,elf4,24,22,1.679
2407,elf4,24,22,1.323
2408,elf4,24,22,1.647
2409,elf4,24,22,1.522
2410,elf4,24,22,1.419
2411,elf4,24,22,1.544
2412,elf4,24,22,2.040
2413,PIF4ox,24,28,6.512
2414,PIF4ox,24,28,8.764
2415,PIF4ox,24,28,6.949
2416,PIF4ox,24,28,7.475
2417,PIF4ox,24,28,8.133
2418,PIF4ox,24,28,7.684
2419,PIF4ox,24,28,8.515
2420,PIF4ox,24,28,8.053
2421,PIF4ox,24,28,8.224
2422,PIF4ox,24,28,8.046
2423,PIF4ox,24,28,6.773
2424,PIF4ox,24,28,7.221
2425,PIF4ox,24,28,7.341
2426,PIF4ox,24,28,8.121
2427,PIF4ox,24,28,7.985
2428,lux,24,28,4.399
2429,lux,24,28,3.973
2430,lux,24,28,3.264
2431,lux,24,28,3.225
2432,lux,24,28,3.656
2433,lux,24,28,3.518
2434,lux,24,28,4.748
2435,lux,24,28,4.216
2436,lux,24,28,3.936
2437,lux,24,28,4.143
2438,lux,24,28,3.350
2439,lux,24,28,3.750
2440,lux,24,28,3.585
2441,lux,24,28,2.994
2442,lux,24,28,2.562
2443,lux,24,28,4.017
2444,lux,24,28,2.840
2445,lux,24,28,3.704
2446,lux,24,28,2.843
2447,lux,24,28,3.725
2448,lux,24,28,3.669
2449,lux,24,28,3.301
2450,lux,24,28,3.259
2451,lux,24,28,4.065
2452,lux,24,28,4.272
2453,lux,24,28,4.079
2454,lux,24,28,3.234
2455,lux,24,28,3.400
2456,lux,24,28,3.785
2457,lux,24,28,4.204
2458,lux,24,28,3.815
2459,lux,24,28,3.446
2460,lux,24,28,4.300
2461,hy5,24,28,7.448
2462,hy5,24,28,7.099
2463,hy5,24,28,7.566
2464,hy5,24,28,5.341
2465,hy5,24,28,7.950
2466,hy5,24,28,5.810
2467,hy5,24,28,6.797
2468,hy5,24,28,7.060
2469,hy5,24,28,7.853
2470,hy5,24,28,8.171
2471,hy5,24,28,8.776
2472,hy5,24,28,9.876
2473,hy5,24,28,10.115
2474,hy5,24,28,7.559
2475,pif4,24,28,1.576
2476,pif4,24,28,1.407
2477,pif4,24,28,1.675
2478,pif4,24,28,1.652
2479,pif4,24,28,1.572
2480,pif4,24,28,1.717
2481,pif4,24,28,1.939
2482,pif4,24,28,2.071
2483,pif4,24,28,1.720
2484,pif4,24,28,1.804
2485,pif4,24,28,1.460
2486,pif4,24,28,1.972
2487,pif4,24,28,1.467
2488,pif4,24,28,1.845
2489,pif4,24,28,1.895
2490,pif4,24,28,1.841
2491,pif4,24,28,2.034
2492,pif4,24,28,1.855
2493,pif4,24,28,1.766
2494,pifq,24,28,1.440
2495,pifq,24,28,0.713
2496,pifq,24,28,1.567
2497,det1-1,24,28,1.503
2498,det1-1,24,28,1.767
2499,det1-1,24,28,1.627
2500,det1-1,24,28,1.556
2501,det1-1,24,28,1.500
2502,det1-1,24,28,1.556
2503,det1-1,24,28,1.650
2504,det1-1,24,28,2.018
2505,det1-1,24,28,1.744
2506,det1-1,24,28,1.577
2507,det1-1,24,28,1.506
2508,det1-1,24,28,1.951
2509,det1-1,24,28,1.703
2510,det1-1,24,28,1.424
2511,det1-1,24,28,1.527
2512,det1-1,24,28,1.700
2513,det1-1,24,28,1.735
2514,det1-1,24,28,1.670
2515,det1-1,24,28,1.752
2516,det1-1,24,28,1.824
2517,det1-1,24,28,1.500
2518,det1-1,24,28,1.396
2519,det1-1,24,28,1.775
2520,det1-1,24,28,1.647
2521,det1-1,24,28,1.464
2522,elf4,24,28,1.584
2523,elf4,24,28,1.800
2524,elf4,24,28,2.092
2525,elf4,24,28,2.102
2526,elf4,24,28,1.968
2527,elf4,24,28,1.701
2528,elf4,24,28,2.185
2529,elf4,24,28,2.234
2530,elf4,24,28,1.924
2531,elf4,24,28,2.518
2532,elf4,24,28,1.824
2533,elf4,24,28,1.836
2534,elf4,24,28,1.994
2535,elf4,24,28,2.300
2536,elf4,24,28,1.923
2537,elf4,24,28,1.774
2538,elf4,24,28,1.865
2539,elf4,24,28,2.443
2540,elf3-8,16,28,5.548
2541,elf3-8,16,28,5.039
2542,elf3-8,16,28,5.477
2543,elf3-8,16,28,6.169
2544,elf3-8,16,28,4.961
2545,elf3-8,16,28,4.928
2546,elf3-8,16,28,4.392
2547,elf3-8,16,28,5.791
2548,elf3-8,16,28,5.405
2549,elf3-8,16,28,5.430
2550,elf3-8,16,28,4.603
2551,elf3-8,16,28,5.254
2552,elf3-8,16,28,4.967
2553,elf3-8,16,28,4.745
2554,elf3-8,16,28,5.238
2555,elf3-8,16,28,6.038
2556,Col,16,28,3.302
2557,Col,16,28,3.591
2558,Col,16,28,3.389
2559,Col,16,28,3.799
2560,Col,16,28,3.302
2561,Col,16,28,3.485
2562,Col,16,28,3.338
2563,Col,16,28,3.306
2564,Col,16,28,3.270
2565,Col,16,28,3.583
2566,Col,16,28,3.547
2567,Col,16,28,3.439
2568,Col,16,28,4.237
2569,Col,16,28,3.677
2570,Col,16,28,3.887
2571,Col,16,28,3.908
2572,Col,16,28,3.912
2573,Col,16,28,4.189
2574,Col,16,28,4.420
2575,Col,16,28,4.387
2576,Col,16,28,4.450
2577,Col,16,28,4.086
2578,Col,16,28,3.749
2579,Col,16,28,3.785
2580,Col,16,28,3.966
2581,ELF3ox cop1-4,16,28,1.435
2582,ELF3ox cop1-4,16,28,1.505
2583,ELF3ox cop1-4,16,28,1.217
2584,ELF3ox cop1-4,16,28,1.338
2585,ELF3ox cop1-4,16,28,1.389
2586,ELF3ox cop1-4,16,28,1.697
2587,ELF3ox cop1-4,16,28,1.573
2588,ELF3ox cop1-4,16,28,1.550
2589,ELF3ox cop1-4,16,28,1.481
2590,ELF3ox cop1-4,16,28,1.496
2591,ELF3ox cop1-4,16,28,1.928
2592,ELF3ox cop1-4,16,28,1.486
2593,ELF3ox cop1-4,16,28,1.589
2594,ELF3ox cop1-4,16,28,1.798
2595,ELF3ox cop1-4,16,28,1.966
2596,ELF3ox cop1-4,16,28,1.572
2597,ELF3ox cop1-4,16,28,2.229
2598,ELF3ox cop1-4,16,28,1.838
2599,ELF3ox cop1-4,16,28,1.574
2600,ELF3ox cop1-4,16,28,1.704
2601,ELF3ox cop1-4,16,28,1.802
2602,ELF3ox cop1-4,16,28,1.816
2603,ELF3ox cop1-4,16,28,1.662
2604,ELF3ox cop1-4,16,28,1.905
2605,elf3-8 cop1-4,16,28,1.602
2606,elf3-8 cop1-4,16,28,1.690
2607,elf3-8 cop1-4,16,28,1.642
2608,elf3-8 cop1-4,16,28,1.357
2609,elf3-8 cop1-4,16,28,1.376
2610,elf3-8 cop1-4,16,28,1.411
2611,elf3-8 cop1-4,16,28,1.726
2612,elf3-8 cop1-4,16,28,1.304
2613,elf3-8 cop1-4,16,28,1.361
2614,elf3-8 cop1-4,16,28,1.688
2615,elf3-8 cop1-4,16,28,1.911
2616,cop1-4,16,28,2.025
2617,cop1-4,16,28,2.117
2618,cop1-4,16,28,1.942
2619,cop1-4,16,28,2.508
2620,cop1-4,16,28,2.382
2621,cop1-4,16,28,2.626
2622,cop1-4,16,28,2.510
2623,cop1-4,16,28,2.370
2624,cop1-4,16,28,2.703
2625,cop1-4,16,28,1.657
2626,cop1-4,16,28,1.938
2627,cop1-4,16,28,2.062
2628,cop1-4,16,28,2.364
2629,cop1-4,16,28,2.472
2630,cop1-4,16,28,2.750
2631,cop1-4,16,28,2.327
2632,cop1-4,16,28,2.366
2633,cop1-4,16,28,2.453
2634,cop1-4,16,28,2.594
2635,cop1-4,16,28,2.071
2636,cop1-4,16,28,2.672
2637,cop1-4,16,28,2.537
2638,cop1-4,16,28,2.502
2639,cop1-4,16,28,2.078
2640,cop1-4,16,28,3.459
2641,cop1-4,16,28,3.069
2642,cop1-4,16,28,2.639
2643,cop1-4,16,28,2.614
2644,cop1-4,16,28,2.617
2645,PHYBox,16,28,1.650
2646,PHYBox,16,28,1.861
2647,PHYBox,16,28,1.664
2648,PHYBox,16,28,1.319
2649,PHYBox,16,28,1.772
2650,PHYBox,16,28,1.432
2651,phyB-9,16,28,7.606
2652,phyB-9,16,28,8.059
2653,phyB-9,16,28,7.062
2654,phyB-9,16,28,7.120
2655,phyB-9,16,28,8.410
2656,phyB-9,16,28,8.343
2657,phyB-9,16,28,9.376
2658,phyB-9,16,28,5.466
2659,phyB-9,16,28,6.908
2660,phyB-9,16,28,7.994
2661,phyB-9,16,28,8.057
2662,PIF4ox,16,28,10.366
2663,PIF4ox,16,28,7.975
2664,PIF4ox,16,28,8.980
2665,PIF4ox,16,28,10.472
2666,PIF4ox,16,28,9.072
2667,PIF4ox,16,28,8.371
2668,PIF4ox,16,28,10.611
2669,PIF4ox,16,28,9.773
2670,PIF4ox,16,28,11.270
2671,PIF4ox,16,28,12.387
2672,PIF4ox,16,28,10.505
2673,PIF4ox,16,28,10.973
2674,PIF4ox,16,28,7.685
2675,PIF4ox,16,28,9.887
2676,PIF4ox,16,28,8.897
2677,PIF4ox,16,28,9.114
2678,PIF4ox,16,28,10.585
2679,PIF4ox,16,28,7.703
2680,PIF4ox,16,28,10.657
2681,PIF4ox,16,28,7.276
2682,lux,16,28,6.695
2683,lux,16,28,5.267
2684,lux,16,28,6.720
2685,lux,16,28,6.501
2686,lux,16,28,6.282
2687,lux,16,28,6.209
2688,lux,16,28,5.772
2689,lux,16,28,5.538
2690,lux,16,28,5.970
2691,lux,16,28,5.286
2692,lux,16,28,5.944
2693,lux,16,28,5.691
2694,lux,16,28,6.209
2695,lux,16,28,5.821
2696,lux,16,28,6.021
2697,lux,16,28,7.727
2698,lux,16,28,5.686
2699,lux,16,28,6.077
2700,lux,16,28,6.243
2701,hy5,16,28,6.736
2702,hy5,16,28,9.085
2703,hy5,16,28,8.591
2704,hy5,16,28,10.171
2705,hy5,16,28,10.137
2706,hy5,16,28,5.712
2707,hy5,16,28,8.027
2708,hy5,16,28,4.611
2709,hy5,16,28,8.254
2710,hy5,16,28,8.190
2711,hy5,16,28,9.012
2712,hy5,16,28,9.881
2713,hy5,16,28,9.783
2714,hy5,16,28,7.850
2715,hy5,16,28,10.220
2716,hy5,16,28,8.431
2717,pif4,16,28,2.550
2718,pif4,16,28,2.183
2719,pif4,16,28,2.309
2720,pif4,16,28,1.819
2721,pif4,16,28,1.961
2722,pif4,16,28,2.231
2723,pif4,16,28,2.784
2724,pif4,16,28,2.392
2725,pif4,16,28,2.140
2726,pif4,16,28,1.757
2727,pif4,16,28,2.284
2728,pif4,16,28,2.266
2729,pif4,16,28,1.623
2730,pif4,16,28,2.721
2731,pif4,16,28,2.737
2732,pifq,16,28,1.509
2733,pifq,16,28,1.496
2734,pifq,16,28,1.787
2735,det1-1,16,28,3.250
2736,det1-1,16,28,3.278
2737,det1-1,16,28,3.449
2738,det1-1,16,28,3.462
2739,det1-1,16,28,3.233
2740,det1-1,16,28,2.744
2741,det1-1,16,28,2.917
2742,det1-1,16,28,3.144
2743,det1-1,16,28,2.758
2744,det1-1,16,28,3.115
2745,det1-1,16,28,2.590
2746,det1-1,16,28,2.799
2747,det1-1,16,28,2.590
2748,det1-1,16,28,1.986
2749,det1-1,16,28,2.639
2750,det1-1,16,28,2.427
2751,det1-1,16,28,3.179
2752,det1-1,16,28,2.905
2753,det1-1,16,28,2.996
2754,det1-1,16,28,2.895
2755,det1-1,16,28,2.520
2756,det1-1,16,28,2.767
2757,det1-1,16,28,2.826
2758,det1-1,16,28,3.016
2759,det1-1,16,28,2.233
2760,det1-1,16,28,2.676
2761,elf4,16,28,4.959
2762,elf4,16,28,4.038
2763,elf4,16,28,3.933
2764,elf4,16,28,4.927
2765,elf4,16,28,3.899
2766,elf4,16,28,4.400
2767,elf4,16,28,3.244
2768,elf4,16,28,3.789
2769,elf4,16,28,5.285
2770,elf4,16,28,3.723
2771,elf4,16,28,3.059
2772,elf4,16,28,4.599
2773,elf4,16,28,4.287
2774,elf4,16,28,5.499
2775,elf4,16,28,4.242
2776,elf4,16,28,3.792
2777,elf4,16,28,4.480
2778,elf4,16,28,4.328
2779,elf4,16,28,3.312
2780,elf4,16,28,3.874
2781,ELF3ox,16,22,1.088
2782,ELF3ox,16,22,1.522
2783,ELF3ox,16,22,1.224
2784,ELF3ox,16,22,1.327
2785,ELF3ox,16,22,1.355
2786,ELF3ox,16,22,1.518
2787,ELF3ox,16,22,1.280
2788,ELF3ox,16,22,1.194
2789,ELF3ox,16,22,1.554
2790,ELF3ox,16,22,1.861
2791,ELF3ox,16,22,1.748
2792,ELF3ox,16,22,1.464
2793,ELF3ox,16,22,1.763
2794,ELF3ox,16,22,1.945
2795,ELF3ox,16,22,1.874
2796,ELF3ox,16,22,1.933
2797,ELF3ox,16,22,1.618
2798,ELF3ox,16,22,1.167
2799,ELF3ox,16,22,1.421
2800,ELF3ox,16,22,1.524
2801,ELF3ox,16,22,1.584
2802,ELF3ox,16,22,1.617
2803,elf3-8,16,22,3.040
2804,elf3-8,16,22,3.113
2805,elf3-8,16,22,2.806
2806,elf3-8,16,22,3.565
2807,elf3-8,16,22,3.000
2808,elf3-8,16,22,2.955
2809,elf3-8,16,22,3.847
2810,elf3-8,16,22,3.622
2811,elf3-8,16,22,3.611
2812,Col,16,22,1.689
2813,Col,16,22,1.601
2814,Col,16,22,1.518
2815,Col,16,22,1.796
2816,Col,16,22,1.703
2817,Col,16,22,2.052
2818,Col,16,22,1.825
2819,Col,16,22,1.592
2820,Col,16,22,1.765
2821,Col,16,22,2.074
2822,Col,16,22,2.222
2823,Col,16,22,2.330
2824,Col,16,22,1.803
2825,Col,16,22,2.196
2826,Col,16,22,2.033
2827,Col,16,22,1.930
2828,Col,16,22,1.935
2829,Col,16,22,2.113
2830,Col,16,22,1.935
2831,Col,16,22,2.057
2832,Col,16,22,1.768
2833,Col,16,22,1.745
2834,Col,16,22,1.994
2835,Col,16,22,2.045
2836,Col,16,22,1.911
2837,Col,16,22,1.916
2838,Col,16,22,1.602
2839,Col,16,22,2.519
2840,Col,16,22,1.962
2841,Col,16,22,2.203
2842,ELF3ox cop1-4,16,22,1.264
2843,ELF3ox cop1-4,16,22,1.133
2844,ELF3ox cop1-4,16,22,1.211
2845,ELF3ox cop1-4,16,22,1.092
2846,ELF3ox cop1-4,16,22,1.291
2847,ELF3ox cop1-4,16,22,1.286
2848,ELF3ox cop1-4,16,22,1.659
2849,ELF3ox cop1-4,16,22,1.577
2850,ELF3ox cop1-4,16,22,1.171
2851,ELF3ox cop1-4,16,22,1.379
2852,ELF3ox cop1-4,16,22,1.246
2853,ELF3ox cop1-4,16,22,1.455
2854,ELF3ox cop1-4,16,22,1.286
2855,ELF3ox cop1-4,16,22,1.227
2856,ELF3ox cop1-4,16,22,1.434
2857,ELF3ox cop1-4,16,22,1.557
2858,ELF3ox cop1-4,16,22,1.699
2859,ELF3ox cop1-4,16,22,1.505
2860,ELF3ox cop1-4,16,22,1.765
2861,elf3-8 cop1-4,16,22,1.716
2862,elf3-8 cop1-4,16,22,1.475
2863,elf3-8 cop1-4,16,22,1.355
2864,elf3-8 cop1-4,16,22,1.484
2865,elf3-8 cop1-4,16,22,1.582
2866,elf3-8 cop1-4,16,22,1.620
2867,elf3-8 cop1-4,16,22,1.434
2868,elf3-8 cop1-4,16,22,1.349
2869,elf3-8 cop1-4,16,22,1.179
2870,elf3-8 cop1-4,16,22,1.570
2871,cop1-4,16,22,1.639
2872,cop1-4,16,22,1.907
2873,cop1-4,16,22,1.836
2874,cop1-4,16,22,1.844
2875,cop1-4,16,22,1.589
2876,cop1-4,16,22,1.828
2877,cop1-4,16,22,1.602
2878,cop1-4,16,22,1.863
2879,cop1-4,16,22,1.190
2880,cop1-4,16,22,1.077
2881,cop1-4,16,22,1.405
2882,cop1-4,16,22,1.569
2883,cop1-4,16,22,1.647
2884,cop1-4,16,22,1.796
2885,cop1-4,16,22,1.439
2886,cop1-4,16,22,1.827
2887,cop1-4,16,22,1.531
2888,cop1-4,16,22,1.639
2889,cop1-4,16,22,1.796
2890,cop1-4,16,22,1.709
2891,cop1-4,16,22,1.905
2892,cop1-4,16,22,2.089
2893,cop1-4,16,22,1.871
2894,cop1-4,16,22,2.008
2895,cop1-4,16,22,1.744
2896,PHYBox,16,22,1.318
2897,PHYBox,16,22,1.567
2898,phyB-9,16,22,3.352
2899,phyB-9,16,22,3.521
2900,phyB-9,16,22,3.805
2901,phyB-9,16,22,3.808
2902,PIF4ox,16,22,4.989
2903,PIF4ox,16,22,7.131
2904,PIF4ox,16,22,5.888
2905,PIF4ox,16,22,5.324
2906,PIF4ox,16,22,4.677
2907,PIF4ox,16,22,5.683
2908,PIF4ox,16,22,7.984
2909,PIF4ox,16,22,6.228
2910,PIF4ox,16,22,6.592
2911,PIF4ox,16,22,5.609
2912,PIF4ox,16,22,6.309
2913,PIF4ox,16,22,6.252
2914,PIF4ox,16,22,5.881
2915,PIF4ox,16,22,4.706
2916,lux,16,22,2.552
2917,lux,16,22,2.895
2918,lux,16,22,3.452
2919,lux,16,22,3.346
2920,lux,16,22,3.353
2921,lux,16,22,3.313
2922,lux,16,22,4.123
2923,lux,16,22,3.308
2924,lux,16,22,3.185
2925,lux,16,22,2.973
2926,lux,16,22,3.185
2927,lux,16,22,3.160
2928,lux,16,22,2.578
2929,lux,16,22,3.603
2930,lux,16,22,3.771
2931,lux,16,22,3.169
2932,lux,16,22,3.569
2933,lux,16,22,3.211
2934,lux,16,22,3.448
2935,lux,16,22,3.198
2936,lux,16,22,2.812
2937,lux,16,22,2.586
2938,hy5,16,22,3.056
2939,hy5,16,22,4.279
2940,hy5,16,22,3.041
2941,hy5,16,22,4.139
2942,hy5,16,22,4.160
2943,hy5,16,22,3.989
2944,hy5,16,22,5.759
2945,hy5,16,22,5.482
2946,hy5,16,22,3.635
2947,hy5,16,22,3.664
2948,hy5,16,22,3.704
2949,hy5,16,22,3.835
2950,hy5,16,22,3.870
2951,pif4,16,22,1.639
2952,pif4,16,22,1.257
2953,pif4,16,22,1.321
2954,pif4,16,22,1.550
2955,pif4,16,22,1.437
2956,pif4,16,22,1.559
2957,pif4,16,22,1.491
2958,pif4,16,22,1.182
2959,pif4,16,22,1.493
2960,pif4,16,22,1.580
2961,pif4,16,22,1.936
2962,pif4,16,22,1.536
2963,pif4,16,22,1.531
2964,pif4,16,22,1.393
2965,pif4,16,22,1.484
2966,pifq,16,22,1.139
2967,pifq,16,22,1.898
2968,det1-1,16,22,2.053
2969,det1-1,16,22,2.177
2970,det1-1,16,22,2.392
2971,det1-1,16,22,2.060
2972,det1-1,16,22,2.126
2973,det1-1,16,22,2.241
2974,det1-1,16,22,1.960
2975,det1-1,16,22,2.030
2976,det1-1,16,22,2.068
2977,det1-1,16,22,2.099
2978,det1-1,16,22,2.475
2979,det1-1,16,22,2.426
2980,det1-1,16,22,2.568
2981,det1-1,16,22,1.971
2982,det1-1,16,22,2.468
2983,det1-1,16,22,2.246
2984,det1-1,16,22,2.614
2985,elf4,16,22,1.615
2986,elf4,16,22,1.561
2987,elf4,16,22,1.699
2988,elf4,16,22,1.827
2989,elf4,16,22,1.625
2990,elf4,16,22,2.075
2991,elf4,16,22,1.709
2992,elf4,16,22,1.456
2993,elf4,16,22,2.217
2994,elf4,16,22,2.162
2995,elf4,16,22,1.902
2996,elf4,16,22,1.892
2997,elf4,16,22,2.272
2998,elf4,16,22,2.108
2999,elf4,16,22,2.196
3000,elf4,16,22,1.877
3001,elf4,16,22,1.796
3002,elf4,16,22,1.822
3003,elf4,16,22,1.988
3004,elf4,16,22,2.016
3005,elf4,16,22,1.726
3006,elf4,16,22,2.104
3007,elf4,16,22,2.138
3008,elf4,16,22,2.181
3009,elf4,16,22,1.902
3010,elf4,16,22,2.373
3011,elf4,16,22,1.996
3012,COP1-OE,12,22,4.926
3013,COP1-OE,12,22,6.439
3014,COP1-OE,12,22,5.576
3015,COP1-OE,12,22,4.902
3016,COP1-OE,12,22,6.759
3017,COP1-OE,12,22,6.144
3018,COP1-OE,12,22,7.126
3019,COP1-OE,12,22,6.966
3020,COP1-OE,12,22,5.671
3021,COP1-OE,12,22,6.706
3022,COP1-OE,12,22,6.083
3023,COP1-OE,12,22,7.917
3024,COP1-OE,12,22,7.122
3025,COP1-OE,12,22,7.693
3026,COP1-OE,12,22,9.109
3027,COP1-OE,12,22,8.600
3028,COP1-OE,12,22,6.690
3029,COP1-OE,12,22,8.297
3030,COP1-OE,12,22,5.700
3031,COP1-OE,12,22,6.214
3032,COP1-OE,12,22,5.355
3033,COP1-OE,12,22,6.686
3034,COP1-OE,12,22,5.942
3035,COP1-OE,12,22,6.570
3036,COP1-OE,12,22,7.256
3037,COP1-OE,12,22,7.441
3038,COP1-OE,12,22,7.008
3039,COP1-OE,12,22,6.245
3040,COP1-OE,12,22,8.271
3041,COP1-OE,12,22,6.794
3042,COP1-OE,12,22,7.899
3043,COP1-OE,12,22,7.201
3044,COP1-OE,12,22,6.253
3045,COP1-OE,12,22,6.253
3046,COP1-OE,12,22,7.066
3047,COP1-OE,12,22,5.478
3048,COP1-OE,12,22,6.051
3049,COP1-OE,12,22,7.031
3050,COP1-OE,12,22,7.085
3051,COP1-OE,12,22,6.260
3052,COP1-OE,12,22,6.001
3053,COP1-OE,12,22,6.670
3054,COP1-OE,12,22,6.585
3055,COP1-OE,12,28,9.084
3056,COP1-OE,12,28,11.617
3057,COP1-OE,12,28,13.084
3058,COP1-OE,12,28,10.697
3059,COP1-OE,12,28,11.118
3060,COP1-OE,12,28,10.654
3061,COP1-OE,12,28,11.796
3062,COP1-OE,12,28,12.746
3063,COP1-OE,12,28,13.247
3064,COP1-OE,12,28,10.485
3065,COP1-OE,12,28,9.865
3066,COP1-OE,12,28,10.654
3067,COP1-OE,12,28,12.441
3068,COP1-OE,12,28,11.703
3069,COP1-OE,12,28,10.901
3070,COP1-OE,12,28,12.455
3071,COP1-OE,12,28,11.888
3072,COP1-OE,12,28,13.651
3073,COP1-OE,12,28,12.311
3074,COP1-OE,12,28,13.225
3075,COP1-OE,12,28,11.842
3076,COP1-OE,12,28,11.692
3077,COP1-OE,12,28,12.378
3078,COP1-OE,12,28,12.511
3079,COP1-OE,12,28,12.736
3080,COP1-OE,12,28,12.435
3081,COP1-OE,12,28,10.491
3082,COP1-OE,12,28,10.948
3083,COP1-OE,12,28,12.390
3084,COP1-OE,12,28,9.500
3085,COP1-OE,12,28,13.266
3086,COP1-OE,12,28,13.699
3087,COP1-OE,12,28,12.363
3088,COP1-OE,12,28,12.902
3089,COP1-OE,12,28,11.541
3090,COP1-OE,12,28,10.873
3091,COP1-OE,12,28,12.141
3092,COP1-OE,12,28,12.375
3093,COP1-OE,12,28,12.807
3094,COP1-OE,12,28,12.233
3095,COP1-OE,12,28,12.275
3096,COP1-OE,12,28,10.897
3097,COP1-OE,12,28,13.945
3098,COP1-OE,12,28,12.928
3099,COP1-OE,12,28,10.851
3100,COP1-OE,12,28,11.053
3101,COP1-OE,12,28,12.888
3102,COP1-OE,12,28,9.137
3103,COP1-OE,12,28,12.465
3104,COP1-OE,12,28,12.516
3105,COP1-OE,12,28,11.367
3106,COP1-OE,12,28,10.166
3107,COP1-OE,16,22,4.982
3108,COP1-OE,16,22,3.115
3109,COP1-OE,16,22,4.739
3110,COP1-OE,16,22,4.859
3111,COP1-OE,16,22,4.716
3112,COP1-OE,16,22,4.553
3113,COP1-OE,16,22,4.513
3114,COP1-OE,16,22,5.385
3115,COP1-OE,16,22,4.608
3116,COP1-OE,16,22,4.827
3117,COP1-OE,16,22,4.739
3118,COP1-OE,16,22,3.895
3119,COP1-OE,16,22,4.415
3120,COP1-OE,16,22,4.274
3121,COP1-OE,16,22,4.696
3122,COP1-OE,16,22,7.922
3123,COP1-OE,16,22,4.391
3124,COP1-OE,16,22,4.372
3125,COP1-OE,16,22,5.448
3126,COP1-OE,16,22,4.545
3127,COP1-OE,16,22,6.447
3128,COP1-OE,16,22,4.633
3129,COP1-OE,16,22,5.798
3130,COP1-OE,16,22,5.191
3131,COP1-OE,16,22,4.691
3132,COP1-OE,16,22,4.796
3133,COP1-OE,16,22,4.333
3134,COP1-OE,16,22,4.479
3135,COP1-OE,16,22,5.143
3136,COP1-OE,16,22,5.757
3137,COP1-OE,16,22,5.507
3138,COP1-OE,16,22,6.374
3139,COP1-OE,16,22,4.461
3140,COP1-OE,16,22,5.005
3141,COP1-OE,16,22,6.822
3142,COP1-OE,16,22,4.426
3143,COP1-OE,16,22,5.186
3144,COP1-OE,16,22,4.317
3145,COP1-OE,16,22,5.548
3146,COP1-OE,16,22,4.226
3147,COP1-OE,16,22,4.786
3148,COP1-OE,16,22,5.233
3149,COP1-OE,16,22,5.050
3150,COP1-OE,16,22,4.204
3151,COP1-OE,16,22,4.966
3152,COP1-OE,16,22,4.989
3153,COP1-OE,16,22,4.066
3154,COP1-OE,16,22,4.838
3155,COP1-OE,16,22,5.004
3156,COP1-OE,16,22,3.491
3157,COP1-OE,16,22,4.684
3158,COP1-OE,16,22,4.307
3159,COP1-OE,16,22,5.094
3160,COP1-OE,16,22,4.753
3161,COP1-OE,16,22,4.744
3162,COP1-OE,16,22,6.010
3163,COP1-OE,16,22,6.102
3164,COP1-OE,16,22,5.660
3165,COP1-OE,16,22,5.418
3166,COP1-OE,16,22,4.907
3167,COP1-OE,16,22,5.828
3168,COP1-OE,16,22,5.625
3169,COP1-OE,16,22,5.224
3170,COP1-OE,16,22,5.643
3171,COP1-OE,16,22,6.176
3172,COP1-OE,16,22,6.015
3173,COP1-OE,16,22,5.626
3174,COP1-OE,16,22,4.751
3175,COP1-OE,16,22,5.070
3176,COP1-OE,16,22,5.743
3177,COP1-OE,16,22,6.306
3178,COP1-OE,16,22,5.783
3179,COP1-OE,16,22,3.918
3180,COP1-OE,16,22,4.691
3181,COP1-OE,8,22,6.678
3182,COP1-OE,8,22,8.156
3183,COP1-OE,8,22,7.843
3184,COP1-OE,8,22,9.237
3185,COP1-OE,8,22,7.660
3186,COP1-OE,8,22,7.077
3187,COP1-OE,8,22,7.139
3188,COP1-OE,8,22,7.638
3189,COP1-OE,8,22,7.793
3190,COP1-OE,8,22,7.938
3191,COP1-OE,8,22,7.831
3192,COP1-OE,8,22,7.118
3193,COP1-OE,8,22,6.889
3194,COP1-OE,8,22,7.879
3195,COP1-OE,16,28,10.579
3196,COP1-OE,16,28,11.450
3197,COP1-OE,16,28,9.316
3198,COP1-OE,16,28,8.649
3199,COP1-OE,16,28,7.764
3200,COP1-OE,16,28,10.074
3201,COP1-OE,16,28,10.683
3202,COP1-OE,16,28,7.916
3203,COP1-OE,16,28,9.352
3204,COP1-OE,16,28,8.335
3205,COP1-OE,16,28,8.113
3206,COP1-OE,16,28,8.935
3207,COP1-OE,16,28,9.729
3208,COP1-OE,16,28,6.843
3209,COP1-OE,16,28,10.223
3210,COP1-OE,16,28,9.299
3211,COP1-OE,16,28,9.129
3212,COP1-OE,16,28,9.709
3213,COP1-OE,16,28,7.752
3214,COP1-OE,16,28,7.412
3215,COP1-OE,16,28,11.229
3216,COP1-OE,16,28,11.551
3217,COP1-OE,16,28,11.044
3218,COP1-OE,16,28,10.282
3219,COP1-OE,16,28,10.866
3220,COP1-OE,16,28,11.491
3221,COP1-OE,16,28,11.000
3222,COP1-OE,16,28,11.155
3223,COP1-OE,16,28,15.278
3224,COP1-OE,16,28,8.864
3225,COP1-OE,16,28,11.268
3226,COP1-OE,16,28,10.187
3227,COP1-OE,16,28,10.598
3228,COP1-OE,16,28,11.547
3229,COP1-OE,16,28,11.818
3230,COP1-OE,16,28,9.011
3231,COP1-OE,16,28,11.922
3232,COP1-OE,16,28,9.928
3233,COP1-OE,16,28,11.364
3234,COP1-OE,16,28,9.875
3235,COP1-OE,16,28,9.171
3236,COP1-OE,16,28,10.940
3237,COP1-OE,16,28,9.591
3238,COP1-OE,16,28,11.366
3239,COP1-OE,16,28,9.899
3240,COP1-OE,16,28,11.449
3241,COP1-OE,16,28,9.559
3242,COP1-OE,16,28,11.460
3243,COP1-OE,16,28,10.345
3244,COP1-OE,16,28,12.357
3245,COP1-OE,16,28,8.962
3246,COP1-OE,16,28,10.050
3247,COP1-OE,16,28,9.792
3248,COP1-OE,16,28,10.955
3249,COP1-OE,16,28,10.865
3250,COP1-OE,16,28,10.244
3251,COP1-OE,16,28,8.453
3252,COP1-OE,16,28,9.665
3253,COP1-OE,16,28,9.332
3254,COP1-OE,16,28,9.233
3255,COP1-OE,16,28,8.383
3256,COP1-OE,16,28,10.516
3257,COP1-OE,16,28,10.936
3258,COP1-OE,16,28,9.535
3259,COP1-OE,16,28,9.378
3260,COP1-OE,16,28,9.422
3261,COP1-OE,16,28,11.291
3262,COP1-OE,16,28,10.892
3263,COP1-OE,16,28,11.275
3264,COP1-OE,16,28,12.796
3265,COP1-OE,16,28,8.737
3266,COP1-OE,16,28,9.185
3267,COP1-OE,16,28,9.618
3268,COP1-OE,16,28,9.018
3269,COP1-OE,8,28,13.023
3270,COP1-OE,8,28,12.670
3271,COP1-OE,8,28,11.896
3272,COP1-OE,8,28,12.941
3273,COP1-OE,8,28,10.453
3274,COP1-OE,8,28,11.384
3275,COP1-OE,8,28,13.154
3276,COP1-OE,8,28,12.572
3277,COP1-OE,8,28,11.780
3278,COP1-OE,8,28,13.320
3279,COP1-OE,8,28,12.480
3280,COP1-OE,8,28,14.687
3281,COP1-OE,8,28,12.287
3282,COP1-OE,8,28,13.781
3283,COP1-OE,8,28,13.957
3284,COP1-OE,24,22,4.032
3285,COP1-OE,24,22,3.979
3286,COP1-OE,24,22,5.222
3287,COP1-OE,24,22,5.474
3288,COP1-OE,24,22,4.462
3289,COP1-OE,24,22,4.352
3290,COP1-OE,24,22,4.494
3291,COP1-OE,24,22,4.085
3292,COP1-OE,24,22,5.330
3293,COP1-OE,24,22,5.615
3294,COP1-OE,24,22,5.846
3295,COP1-OE,24,22,5.943
3296,COP1-OE,24,22,3.466
3297,COP1-OE,24,22,5.287
3298,COP1-OE,24,22,3.747
3299,COP1-OE,24,22,4.743
3300,COP1-OE,24,22,4.940
3301,COP1-OE,24,22,5.363
3302,COP1-OE,24,22,6.704
3303,COP1-OE,24,22,5.044
3304,COP1-OE,24,22,4.195
3305,COP1-OE,24,22,4.798
3306,COP1-OE,24,22,5.699
3307,COP1-OE,24,22,5.372
3308,COP1-OE,24,22,5.005
3309,COP1-OE,24,22,6.072
3310,COP1-OE,24,22,4.692
3311,COP1-OE,24,22,5.141
3312,COP1-OE,24,22,5.140
3313,COP1-OE,24,22,5.289
3314,COP1-OE,24,22,4.218
3315,COP1-OE,24,22,4.285
3316,COP1-OE,24,22,4.197
3317,COP1-OE,24,22,5.796
3318,COP1-OE,24,22,4.704
3319,COP1-OE,24,22,5.506
3320,COP1-OE,24,22,5.309
3321,COP1-OE,24,22,6.412
3322,COP1-OE,24,22,5.661
3323,COP1-OE,24,22,5.314
3324,COP1-OE,24,22,4.744
3325,COP1-OE,24,22,5.726
3326,COP1-OE,24,22,4.587
3327,COP1-OE,24,22,5.584
3328,COP1-OE,24,22,4.820
3329,COP1-OE,24,22,4.993
3330,COP1-OE,24,22,4.969
3331,COP1-OE,24,22,6.585
3332,COP1-OE,24,22,4.881
3333,COP1-OE,24,22,4.841
3334,COP1-OE,24,22,5.413
3335,COP1-OE,24,22,5.615
3336,COP1-OE,24,22,5.609
3337,COP1-OE,24,22,6.176
3338,COP1-OE,24,22,4.595
3339,COP1-OE,24,22,5.602
3340,COP1-OE,24,28,6.446
3341,COP1-OE,24,28,7.186
3342,COP1-OE,24,28,7.294
3343,COP1-OE,24,28,7.344
3344,COP1-OE,24,28,7.160
3345,COP1-OE,24,28,7.759
3346,COP1-OE,24,28,9.137
3347,COP1-OE,24,28,8.407
3348,COP1-OE,24,28,7.390
3349,COP1-OE,24,28,7.129
3350,COP1-OE,24,28,7.775
3351,COP1-OE,24,28,7.537
3352,COP1-OE,24,28,7.317
3353,COP1-OE,24,28,8.606
3354,COP1-OE,24,28,7.486
3355,COP1-OE,24,28,8.944
3356,COP1-OE,24,28,7.295
3357,COP1-OE,24,28,6.548
3358,COP1-OE,24,28,6.994
3359,COP1-OE,24,28,5.699
3360,COP1-OE,24,28,6.155
3361,COP1-OE,24,28,5.419
3362,COP1-OE,24,28,6.038
3363,COP1-OE,24,28,6.615
3364,COP1-OE,24,28,7.035
3365,COP1-OE,24,28,9.543
3366,COP1-OE,24,28,9.433
3367,COP1-OE,24,28,7.760
3368,COP1-OE,24,28,7.637
3369,COP1-OE,24,28,8.518
3370,COP1-OE,24,28,7.472
3371,COP1-OE,24,28,7.238
3372,COP1-OE,24,28,8.202
3373,COP1-OE,24,28,6.888
3374,COP1-OE,24,28,7.172
3375,COP1-OE,24,28,7.074
3376,COP1-OE,24,28,7.786
3377,COP1-OE,24,28,8.543
3378,COP1-OE,24,28,8.236
3379,COP1-OE,24,28,8.868
3380,COP1-OE,24,28,9.464
3381,COP1-OE,24,28,7.686
3382,COP1-OE,24,28,8.144
3383,COP1-OE,24,28,5.854
3384,COP1-OE,24,28,6.240
3385,COP1-OE,24,28,6.965
3386,COP1-OE,24,28,6.998
3387,COP1-OE,24,28,6.334
3388,COP1-OE,24,28,7.749
3389,COP1-OE,24,28,8.112
3390,COP1-OE,24,28,7.198
3391,COP1-OE,24,28,8.132
3392,COP1-OE,24,28,8.763
3393,COP1-OE,24,28,6.725
3394,COP1-OE,24,28,7.338
3395,COP1-OE,24,28,6.520
3396,COP1-OE,24,28,7.171
3397,COP1-OE,24,28,5.715
3398,COP1-OE,24,28,7.873
3399,COP1-OE,24,28,7.022
3400,COP1-OE,0,22,14.196
3401,COP1-OE,0,22,15.860
3402,COP1-OE,0,22,10.288
3403,COP1-OE,0,22,12.907
3404,COP1-OE,0,22,11.033
3405,COP1-OE,0,22,10.615
3406,COP1-OE,0,22,13.305
3407,COP1-OE,0,22,9.976
3408,COP1-OE,0,22,12.144
3409,COP1-OE,0,22,12.080
3410,COP1-OE,0,22,10.537
3411,COP1-OE,0,22,13.716
3412,COP1-OE,0,22,13.710
3413,COP1-OE,0,22,13.606
3414,COP1-OE,0,22,14.007
3415,COP1-OE,0,22,12.297
3416,COP1-OE,0,22,13.564
3417,COP1-OE,0,22,13.233
3418,COP1-OE,0,22,12.265
3419,COP1-OE,0,22,10.641
3420,COP1-OE,0,22,13.568
3421,COP1-OE,0,22,10.377
3422,COP1-OE,0,22,11.854
3423,COP1-OE,0,22,11.871
3424,COP1-OE,0,22,10.611
3425,COP1-OE,0,22,13.532
3426,COP1-OE,0,22,10.287
3427,COP1-OE,0,22,11.524
3428,COP1-OE,0,22,10.269
3429,COP1-OE,0,22,13.232
3430,COP1-OE,0,22,12.200
3431,COP1-OE,0,22,9.533
3432,COP1-OE,0,22,12.164
3433,COP1-OE,0,22,14.132
3434,COP1-OE,0,22,12.445
3435,COP1-OE,0,22,12.224
3436,COP1-OE,0,22,11.114
3437,COP1-OE,0,22,12.854
3438,COP1-OE,0,22,11.854
3439,COP1-OE,0,22,10.978
3440,COP1-OE,0,22,11.196
3441,COP1-OE,0,22,11.983
3442,COP1-OE,0,22,12.382
3443,COP1-OE,0,22,12.220
3444,COP1-OE,0,22,12.422
3445,COP1-OE,0,22,11.451
3446,COP1-OE,0,22,10.517
3447,COP1-OE,0,22,9.415
3448,COP1-OE,0,22,9.957
3449,COP1-OE,0,22,11.789
3450,COP1-OE,0,22,11.419
3451,COP1-OE,0,22,15.472
3452,COP1-OE,0,22,11.830
3453,COP1-OE,0,22,14.795
3454,COP1-OE,0,22,11.639
3455,COP1-OE,0,22,12.203
3456,COP1-OE,0,22,10.449
3457,COP1-OE,0,22,9.232
3458,COP1-OE,0,22,9.906
3459,COP1-OE,0,22,13.767
3460,COP1-OE,0,22,11.279
3461,COP1-OE,0,22,12.249
3462,COP1-OE,0,22,10.738
3463,COP1-OE,0,22,9.689
3464,COP1-OE,0,22,11.285
3465,COP1-OE,0,22,11.770
3466,COP1-OE,0,22,10.699
3467,COP1-OE,0,22,11.218
3468,COP1-OE,0,22,11.387
3469,COP1-OE,0,22,9.696
3470,COP1-OE,0,22,13.306
3471,COP1-OE,0,22,11.555
3472,COP1-OE,0,22,10.072
3473,COP1-OE,0,22,11.704
3474,COP1-OE,0,28,18.191
3475,COP1-OE,0,28,15.424
3476,COP1-OE,0,28,17.118
3477,COP1-OE,0,28,13.143
3478,COP1-OE,0,28,13.290
3479,COP1-OE,0,28,12.386
3480,COP1-OE,0,28,15.792
3481,COP1-OE,0,28,14.854
3482,COP1-OE,0,28,15.218
3483,COP1-OE,0,28,15.639
3484,COP1-OE,0,28,16.211
3485,COP1-OE,0,28,14.420
3486,COP1-OE,0,28,13.751
3487,COP1-OE,0,28,14.141
3488,COP1-OE,0,28,13.957
3489,COP1-OE,0,28,12.056
3490,COP1-OE,0,28,12.349
3491,COP1-OE,0,28,17.104
3492,COP1-OE,0,28,14.179
3493,COP1-OE,0,28,14.274
3494,COP1-OE,0,28,12.290
3495,COP1-OE,0,28,13.244
3496,COP1-OE,0,28,14.374
3497,COP1-OE,0,28,13.665
3498,COP1-OE,0,28,13.839
3499,COP1-OE,0,28,15.731
3500,COP1-OE,0,28,14.759
3501,COP1-OE,0,28,14.770
3502,COP1-OE,0,28,13.977
3503,COP1-OE,0,28,13.104
3504,COP1-OE,0,28,14.287
3505,COP1-OE,0,28,15.193
3506,COP1-OE,0,28,13.106
3507,COP1-OE,0,28,12.853
3508,COP1-OE,0,28,13.059
3509,COP1-OE,0,28,13.964
3510,COP1-OE,0,28,13.532
3511,COP1-OE,0,28,14.674
3512,COP1-OE,0,28,14.624
3513,COP1-OE,0,28,13.161
3514,COP1-OE,0,28,13.999
3515,COP1-OE,0,28,14.951
3516,COP1-OE,0,28,13.240
3517,COP1-OE,0,28,11.680
3518,COP1-OE,0,28,13.053
3519,COP1-OE,0,28,13.567
3520,COP1-OE,0,28,14.468
3521,COP1-OE,0,28,14.725
3522,COP1-OE,0,28,10.199
3523,COP1-OE,0,28,14.469
3524,COP1-OE,0,28,13.998
3525,COP1-OE,0,28,13.439
3526,COP1-OE,0,28,14.267
3527,COP1-OE,0,28,14.924
3528,COP1-OE,0,28,14.515
3529,COP1-OE,0,28,12.085
3530,COP1-OE,0,28,12.979
3531,COP1-OE,0,28,16.368
3532,COP1-OE,0,28,12.324
3533,COP1-OE,0,28,14.359
3534,COP1-OE,0,28,14.606
3535,COP1-OE,0,28,14.017
3536,COP1-OE,0,28,14.266
3537,COP1-OE,0,28,14.359
3538,COP1-OE,0,28,17.370
3539,COP1-OE,0,28,16.576
3540,COP1-OE,0,28,15.313
3541,COP1-OE,0,28,11.516
3542,COP1-OE,0,28,15.034
3543,COP1-OE,0,28,14.764
3544,COP1-OE,0,28,13.897
