Genotype,Daylength,Temperature,Growth
ELF3ox,8,22,3.930
ELF3ox,8,22,4.243
ELF3ox,8,22,4.042
ELF3ox,8,22,4.494
ELF3ox,8,22,4.805
ELF3ox,8,22,4.428
ELF3ox,8,22,5.274
ELF3ox,8,22,4.402
ELF3ox,8,22,5.459
ELF3ox,8,22,4.315
ELF3ox,8,22,3.939
ELF3ox,8,22,4.485
ELF3ox,8,22,4.045
ELF3ox,8,22,4.794
ELF3ox,8,22,4.616
ELF3ox,8,22,4.869
ELF3ox,8,22,3.812
ELF3ox,8,22,4.165
ELF3ox,8,22,4.119
ELF3ox,8,22,4.463
ELF3ox,8,22,3.563
ELF3ox,8,22,4.025
ELF3ox,8,22,3.564
ELF3ox,8,22,4.407
ELF3ox,8,22,4.425
ELF3ox,8,22,4.250
ELF3ox,8,22,4.342
ELF3ox,8,22,4.962
ELF3ox,8,22,3.935
ELF3ox,8,22,3.760
ELF3ox,8,22,4.216
ELF3ox,8,22,4.244
ELF3ox,8,22,4.427
elf3-8,8,22,9.060
elf3-8,8,22,8.445
elf3-8,8,22,8.206
elf3-8,8,22,6.391
elf3-8,8,22,6.987
elf3-8,8,22,7.642
elf3-8,8,22,7.950
elf3-8,8,22,8.145
elf3-8,8,22,8.542
elf3-8,8,22,7.625
elf3-8,8,22,8.689
Col,8,22,3.927
Col,8,22,2.911
Col,8,22,3.658
Col,8,22,3.516
Col,8,22,4.291
Col,8,22,4.183
Col,8,22,4.828
Col,8,22,4.567
Col,8,22,4.943
Col,8,22,4.429
Col,8,22,4.926
Col,8,22,3.582
Col,8,22,4.013
Col,8,22,4.836
Col,8,22,4.268
Col,8,22,4.465
Col,8,22,3.816
Col,8,22,4.422
Col,8,22,4.261
ELF3ox cop1-4,8,22,1.639
ELF3ox cop1-4,8,22,1.541
ELF3ox cop1-4,8,22,1.694
ELF3ox cop1-4,8,22,1.780
ELF3ox cop1-4,8,22,1.783
ELF3ox cop1-4,8,22,1.864
ELF3ox cop1-4,8,22,1.857
ELF3ox cop1-4,8,22,1.892
ELF3ox cop1-4,8,22,2.044
ELF3ox cop1-4,8,22,1.895
ELF3ox cop1-4,8,22,2.333
ELF3ox cop1-4,8,22,2.217
ELF3ox cop1-4,8,22,2.616
ELF3ox cop1-4,8,22,1.833
ELF3ox cop1-4,8,22,1.724
ELF3ox cop1-4,8,22,1.739
ELF3ox cop1-4,8,22,1.838
ELF3ox cop1-4,8,22,1.806
ELF3ox cop1-4,8,22,1.724
ELF3ox cop1-4,8,22,2.203
ELF3ox cop1-4,8,22,1.731
ELF3ox cop1-4,8,22,2.477
ELF3ox cop1-4,8,22,2.397
ELF3ox cop1-4,8,22,2.183
ELF3ox cop1-4,8,22,2.039
ELF3ox cop1-4,8,22,1.887
ELF3ox cop1-4,8,22,2.063
ELF3ox cop1-4,8,22,2.242
ELF3ox cop1-4,8,22,2.142
ELF3ox cop1-4,8,22,2.149
ELF3ox cop1-4,8,22,1.786
ELF3ox cop1-4,8,22,1.952
ELF3ox cop1-4,8,22,2.166
ELF3ox cop1-4,8,22,1.672
ELF3ox cop1-4,8,22,2.145
elf3-8 cop1-4,8,22,2.149
elf3-8 cop1-4,8,22,2.230
elf3-8 cop1-4,8,22,2.424
elf3-8 cop1-4,8,22,2.267
elf3-8 cop1-4,8,22,2.456
elf3-8 cop1-4,8,22,2.554
elf3-8 cop1-4,8,22,3.028
elf3-8 cop1-4,8,22,2.464
elf3-8 cop1-4,8,22,2.558
elf3-8 cop1-4,8,22,1.811
elf3-8 cop1-4,8,22,2.185
elf3-8 cop1-4,8,22,2.024
elf3-8 cop1-4,8,22,2.794
elf3-8 cop1-4,8,22,1.699
elf3-8 cop1-4,8,22,2.215
elf3-8 cop1-4,8,22,2.476
elf3-8 cop1-4,8,22,3.051
elf3-8 cop1-4,8,22,2.526
elf3-8 cop1-4,8,22,2.276
elf3-8 cop1-4,8,22,2.299
elf3-8 cop1-4,8,22,2.178
elf3-8 cop1-4,8,22,2.464
elf3-8 cop1-4,8,22,2.011
elf3-8 cop1-4,8,22,1.994
elf3-8 cop1-4,8,22,2.205
elf3-8 cop1-4,8,22,2.526
elf3-8 cop1-4,8,22,2.319
elf3-8 cop1-4,8,22,2.689
elf3-8 cop1-4,8,22,2.409
elf3-8 cop1-4,8,22,2.333
elf3-8 cop1-4,8,22,2.117
elf3-8 cop1-4,8,22,1.945
cop1-4,8,22,2.129
cop1-4,8,22,1.937
cop1-4,8,22,2.323
cop1-4,8,22,2.044
cop1-4,8,22,2.344
cop1-4,8,22,2.438
cop1-4,8,22,2.422
cop1-4,8,22,2.831
cop1-4,8,22,3.012
cop1-4,8,22,2.534
cop1-4,8,22,2.058
cop1-4,8,22,1.936
cop1-4,8,22,2.113
cop1-4,8,22,1.255
cop1-4,8,22,2.249
cop1-4,8,22,1.894
cop1-4,8,22,2.013
cop1-4,8,22,2.194
cop1-4,8,22,1.633
cop1-4,8,22,2.225
cop1-4,8,22,1.715
cop1-4,8,22,1.497
cop1-4,8,22,2.115
cop1-4,8,22,2.669
cop1-4,8,22,1.746
cop1-4,8,22,2.245
cop1-4,8,22,2.171
cop1-4,8,22,2.540
cop1-4,8,22,2.511
PHYBox,8,22,1.535
PHYBox,8,22,1.483
PHYBox,8,22,1.200
PHYBox,8,22,1.331
PHYBox,8,22,1.532
PHYBox,8,22,1.507
PHYBox,8,22,1.865
PHYBox,8,22,1.928
PHYBox,8,22,1.894
PHYBox,8,22,1.078
PHYBox,8,22,1.561
PHYBox,8,22,1.816
phyB-9,8,22,6.890
phyB-9,8,22,7.926
phyB-9,8,22,6.958
phyB-9,8,22,8.419
phyB-9,8,22,8.325
phyB-9,8,22,8.618
phyB-9,8,22,6.867
phyB-9,8,22,7.220
phyB-9,8,22,7.362
phyB-9,8,22,5.645
phyB-9,8,22,7.195
phyB-9,8,22,8.573
phyB-9,8,22,8.355
phyB-9,8,22,8.170
phyB-9,8,22,5.635
phyB-9,8,22,6.977
phyB-9,8,22,5.558
phyB-9,8,22,4.976
phyB-9,8,22,5.658
phyB-9,8,22,5.503
phyB-9,8,22,7.163
phyB-9,8,22,7.407
phyB-9,8,22,7.120
ELF3ox,8,28,8.983
ELF3ox,8,28,9.149
ELF3ox,8,28,7.302
ELF3ox,8,28,7.196
ELF3ox,8,28,9.341
ELF3ox,8,28,8.843
ELF3ox,8,28,7.924
ELF3ox,8,28,8.183
ELF3ox,8,28,9.126
ELF3ox,8,28,8.840
ELF3ox,8,28,7.008
ELF3ox,8,28,9.873
ELF3ox,8,28,8.248
ELF3ox,8,28,9.058
ELF3ox,8,28,9.689
ELF3ox,8,28,9.470
ELF3ox,8,28,10.536
ELF3ox,8,28,9.092
ELF3ox,8,28,10.319
ELF3ox,8,28,7.983
ELF3ox,8,28,9.825
ELF3ox,8,28,10.370
ELF3ox,8,28,9.464
ELF3ox,8,28,11.120
ELF3ox,8,28,9.541
ELF3ox,8,28,10.034
ELF3ox,8,28,9.881
ELF3ox,8,28,9.367
ELF3ox,8,28,7.386
ELF3ox,8,28,8.321
ELF3ox,8,28,9.385
ELF3ox,8,28,8.257
ELF3ox,8,28,8.994
ELF3ox,8,28,9.499
ELF3ox,8,28,9.225
elf3-8,8,28,11.117
elf3-8,8,28,11.112
elf3-8,8,28,11.132
elf3-8,8,28,9.379
elf3-8,8,28,11.579
elf3-8,8,28,10.076
elf3-8,8,28,10.472
elf3-8,8,28,10.562
elf3-8,8,28,11.412
elf3-8,8,28,9.826
elf3-8,8,28,11.018
elf3-8,8,28,10.384
elf3-8,8,28,8.666
elf3-8,8,28,8.844
elf3-8,8,28,10.076
elf3-8,8,28,9.176
elf3-8,8,28,9.727
elf3-8,8,28,9.810
elf3-8,8,28,10.526
elf3-8,8,28,11.174
elf3-8,8,28,9.961
elf3-8,8,28,10.060
elf3-8,8,28,10.654
elf3-8,8,28,12.070
elf3-8,8,28,11.994
elf3-8,8,28,10.850
elf3-8,8,28,11.518
elf3-8,8,28,10.127
elf3-8,8,28,10.547
elf3-8,8,28,11.560
elf3-8,8,28,12.088
Col,8,28,9.309
Col,8,28,8.969
Col,8,28,8.441
Col,8,28,8.744
Col,8,28,7.572
Col,8,28,7.419
Col,8,28,8.371
Col,8,28,7.826
Col,8,28,8.149
Col,8,28,8.493
Col,8,28,8.990
Col,8,28,6.923
Col,8,28,8.409
Col,8,28,5.905
Col,8,28,8.775
Col,8,28,8.489
Col,8,28,8.981
Col,8,28,9.084
ELF3ox cop1-4,8,28,2.236
ELF3ox cop1-4,8,28,2.669
ELF3ox cop1-4,8,28,1.993
ELF3ox cop1-4,8,28,1.862
ELF3ox cop1-4,8,28,1.781
ELF3ox cop1-4,8,28,1.806
ELF3ox cop1-4,8,28,2.091
ELF3ox cop1-4,8,28,1.917
ELF3ox cop1-4,8,28,1.880
ELF3ox cop1-4,8,28,1.831
ELF3ox cop1-4,8,28,2.627
ELF3ox cop1-4,8,28,2.143
ELF3ox cop1-4,8,28,2.459
ELF3ox cop1-4,8,28,2.525
ELF3ox cop1-4,8,28,2.223
ELF3ox cop1-4,8,28,2.343
ELF3ox cop1-4,8,28,1.944
ELF3ox cop1-4,8,28,2.011
ELF3ox cop1-4,8,28,1.962
ELF3ox cop1-4,8,28,2.568
ELF3ox cop1-4,8,28,2.341
ELF3ox cop1-4,8,28,2.325
ELF3ox cop1-4,8,28,2.530
ELF3ox cop1-4,8,28,2.741
ELF3ox cop1-4,8,28,2.341
ELF3ox cop1-4,8,28,2.555
ELF3ox cop1-4,8,28,2.217
ELF3ox cop1-4,8,28,2.493
ELF3ox cop1-4,8,28,2.765
elf3-8 cop1-4,8,28,1.797
elf3-8 cop1-4,8,28,2.102
elf3-8 cop1-4,8,28,2.175
elf3-8 cop1-4,8,28,1.925
elf3-8 cop1-4,8,28,1.816
elf3-8 cop1-4,8,28,2.010
elf3-8 cop1-4,8,28,2.065
elf3-8 cop1-4,8,28,2.187
elf3-8 cop1-4,8,28,1.785
elf3-8 cop1-4,8,28,2.279
elf3-8 cop1-4,8,28,2.074
elf3-8 cop1-4,8,28,2.581
elf3-8 cop1-4,8,28,1.895
elf3-8 cop1-4,8,28,2.330
elf3-8 cop1-4,8,28,2.117
elf3-8 cop1-4,8,28,2.038
elf3-8 cop1-4,8,28,1.706
elf3-8 cop1-4,8,28,2.037
elf3-8 cop1-4,8,28,1.831
elf3-8 cop1-4,8,28,2.106
elf3-8 cop1-4,8,28,2.211
elf3-8 cop1-4,8,28,2.039
elf3-8 cop1-4,8,28,1.915
elf3-8 cop1-4,8,28,2.171
elf3-8 cop1-4,8,28,2.063
elf3-8 cop1-4,8,28,2.023
elf3-8 cop1-4,8,28,2.482
elf3-8 cop1-4,8,28,2.166
elf3-8 cop1-4,8,28,2.629
elf3-8 cop1-4,8,28,2.121
elf3-8 cop1-4,8,28,2.227
elf3-8 cop1-4,8,28,2.104
elf3-8 cop1-4,8,28,2.485
elf3-8 cop1-4,8,28,2.225
elf3-8 cop1-4,8,28,2.635
cop1-4,8,28,2.257
cop1-4,8,28,2.916
cop1-4,8,28,2.560
cop1-4,8,28,2.380
cop1-4,8,28,2.304
cop1-4,8,28,2.467
cop1-4,8,28,2.634
cop1-4,8,28,2.723
cop1-4,8,28,3.088
cop1-4,8,28,2.823
cop1-4,8,28,2.656
cop1-4,8,28,1.976
cop1-4,8,28,2.222
cop1-4,8,28,2.500
cop1-4,8,28,2.494
cop1-4,8,28,1.945
cop1-4,8,28,2.449
cop1-4,8,28,2.502
cop1-4,8,28,2.755
cop1-4,8,28,2.450
cop1-4,8,28,2.391
cop1-4,8,28,2.509
cop1-4,8,28,2.363
cop1-4,8,28,3.122
cop1-4,8,28,2.453
cop1-4,8,28,2.385
cop1-4,8,28,2.534
cop1-4,8,28,3.575
cop1-4,8,28,2.791
cop1-4,8,28,2.738
cop1-4,8,28,2.863
cop1-4,8,28,3.275
cop1-4,8,28,3.028
PHYBox,8,28,2.404
PHYBox,8,28,3.176
PHYBox,8,28,2.460
PHYBox,8,28,2.152
PHYBox,8,28,3.024
PHYBox,8,28,2.901
PHYBox,8,28,1.967
PHYBox,8,28,2.058
PHYBox,8,28,2.508
PHYBox,8,28,2.931
PHYBox,8,28,2.903
phyB-9,8,28,11.985
phyB-9,8,28,11.995
phyB-9,8,28,13.545
phyB-9,8,28,14.123
phyB-9,8,28,13.217
phyB-9,8,28,12.960
phyB-9,8,28,10.008
phyB-9,8,28,13.328
phyB-9,8,28,10.299
phyB-9,8,28,12.132
phyB-9,8,28,12.114
phyB-9,8,28,13.571
phyB-9,8,28,13.317
phyB-9,8,28,12.462
phyB-9,8,28,12.083
phyB-9,8,28,13.810
phyB-9,8,28,12.126
phyB-9,8,28,10.921
phyB-9,8,28,11.018
phyB-9,8,28,14.453
phyB-9,8,28,10.170
phyB-9,8,28,11.967
ELF3ox,0,22,11.540
ELF3ox,0,22,11.892
ELF3ox,0,22,13.170
ELF3ox,0,22,12.864
ELF3ox,0,22,12.590
ELF3ox,0,22,12.804
ELF3ox,0,22,12.746
ELF3ox,0,22,14.776
ELF3ox,0,22,15.064
ELF3ox,0,22,13.203
ELF3ox,0,22,13.594
ELF3ox,0,22,11.274
ELF3ox,0,22,10.823
ELF3ox,0,22,12.828
ELF3ox,0,22,13.719
ELF3ox,0,22,12.534
ELF3ox,0,22,15.848
ELF3ox,0,22,13.005
ELF3ox,0,22,10.258
ELF3ox,0,22,15.696
ELF3ox,0,22,14.612
ELF3ox,0,22,12.615
ELF3ox,0,22,13.963
ELF3ox,0,22,14.733
ELF3ox,0,22,14.888
ELF3ox,0,22,14.523
ELF3ox,0,22,13.617
ELF3ox,0,22,11.285
ELF3ox,0,22,12.837
ELF3ox,0,22,12.790
ELF3ox,0,22,14.176
ELF3ox,0,22,13.664
ELF3ox,0,22,12.995
ELF3ox,0,22,13.585
elf3-8,0,22,9.323
elf3-8,0,22,11.104
elf3-8,0,22,10.879
elf3-8,0,22,12.890
elf3-8,0,22,13.602
elf3-8,0,22,11.945
elf3-8,0,22,10.884
elf3-8,0,22,10.410
elf3-8,0,22,12.738
elf3-8,0,22,11.143
elf3-8,0,22,11.107
elf3-8,0,22,13.893
elf3-8,0,22,12.851
elf3-8,0,22,14.009
elf3-8,0,22,10.175
elf3-8,0,22,10.206
elf3-8,0,22,10.206
elf3-8,0,22,13.258
elf3-8,0,22,13.303
elf3-8,0,22,13.012
elf3-8,0,22,11.221
elf3-8,0,22,12.977
elf3-8,0,22,16.859
elf3-8,0,22,12.892
elf3-8,0,22,12.716
elf3-8,0,22,13.924
elf3-8,0,22,11.033
elf3-8,0,22,11.314
elf3-8,0,22,12.004
elf3-8,0,22,13.066
elf3-8,0,22,15.757
elf3-8,0,22,13.559
elf3-8,0,22,12.626
elf3-8,0,22,11.099
elf3-8,0,22,13.391
Col,0,22,13.350
Col,0,22,15.421
Col,0,22,11.602
Col,0,22,9.377
Col,0,22,9.533
Col,0,22,9.237
Col,0,22,8.347
Col,0,22,8.258
Col,0,22,8.006
Col,0,22,8.096
Col,0,22,11.566
Col,0,22,10.684
Col,0,22,10.242
Col,0,22,7.520
Col,0,22,9.576
Col,0,22,10.432
Col,0,22,9.207
Col,0,22,8.356
Col,0,22,9.954
Col,0,22,10.209
ELF3ox cop1-4,0,22,3.318
ELF3ox cop1-4,0,22,3.103
ELF3ox cop1-4,0,22,2.596
ELF3ox cop1-4,0,22,2.793
ELF3ox cop1-4,0,22,3.653
ELF3ox cop1-4,0,22,3.770
ELF3ox cop1-4,0,22,3.411
ELF3ox cop1-4,0,22,3.349
ELF3ox cop1-4,0,22,2.978
ELF3ox cop1-4,0,22,2.842
ELF3ox cop1-4,0,22,3.730
ELF3ox cop1-4,0,22,3.359
ELF3ox cop1-4,0,22,3.435
ELF3ox cop1-4,0,22,3.234
ELF3ox cop1-4,0,22,3.633
ELF3ox cop1-4,0,22,3.334
ELF3ox cop1-4,0,22,3.684
ELF3ox cop1-4,0,22,2.866
ELF3ox cop1-4,0,22,3.181
ELF3ox cop1-4,0,22,3.625
ELF3ox cop1-4,0,22,3.248
ELF3ox cop1-4,0,22,2.806
ELF3ox cop1-4,0,22,2.842
ELF3ox cop1-4,0,22,2.993
ELF3ox cop1-4,0,22,3.125
ELF3ox cop1-4,0,22,3.137
ELF3ox cop1-4,0,22,2.997
ELF3ox cop1-4,0,22,3.581
ELF3ox cop1-4,0,22,3.649
ELF3ox cop1-4,0,22,2.769
ELF3ox cop1-4,0,22,2.707
elf3-8 cop1-4,0,22,4.789
elf3-8 cop1-4,0,22,4.517
elf3-8 cop1-4,0,22,4.477
elf3-8 cop1-4,0,22,4.207
elf3-8 cop1-4,0,22,4.693
elf3-8 cop1-4,0,22,3.848
elf3-8 cop1-4,0,22,4.840
elf3-8 cop1-4,0,22,4.462
elf3-8 cop1-4,0,22,6.224
elf3-8 cop1-4,0,22,4.519
elf3-8 cop1-4,0,22,5.797
elf3-8 cop1-4,0,22,6.149
elf3-8 cop1-4,0,22,5.381
elf3-8 cop1-4,0,22,5.142
elf3-8 cop1-4,0,22,5.376
elf3-8 cop1-4,0,22,5.245
elf3-8 cop1-4,0,22,4.707
elf3-8 cop1-4,0,22,5.260
elf3-8 cop1-4,0,22,4.356
elf3-8 cop1-4,0,22,4.913
elf3-8 cop1-4,0,22,5.051
elf3-8 cop1-4,0,22,3.840
elf3-8 cop1-4,0,22,4.064
elf3-8 cop1-4,0,22,4.805
elf3-8 cop1-4,0,22,6.647
elf3-8 cop1-4,0,22,4.602
elf3-8 cop1-4,0,22,5.827
elf3-8 cop1-4,0,22,5.276
elf3-8 cop1-4,0,22,6.604
elf3-8 cop1-4,0,22,5.685
elf3-8 cop1-4,0,22,5.882
elf3-8 cop1-4,0,22,6.533
elf3-8 cop1-4,0,22,6.119
elf3-8 cop1-4,0,22,5.273
cop1-4,0,22,5.673
cop1-4,0,22,6.202
cop1-4,0,22,6.277
cop1-4,0,22,4.919
cop1-4,0,22,5.318
cop1-4,0,22,5.105
cop1-4,0,22,5.220
cop1-4,0,22,3.990
cop1-4,0,22,4.245
cop1-4,0,22,5.377
cop1-4,0,22,4.514
cop1-4,0,22,4.431
cop1-4,0,22,5.782
cop1-4,0,22,5.534
cop1-4,0,22,5.199
cop1-4,0,22,3.972
cop1-4,0,22,4.868
cop1-4,0,22,5.974
cop1-4,0,22,4.384
cop1-4,0,22,3.766
cop1-4,0,22,4.513
cop1-4,0,22,4.963
cop1-4,0,22,5.556
cop1-4,0,22,5.496
cop1-4,0,22,5.862
cop1-4,0,22,6.071
cop1-4,0,22,6.981
cop1-4,0,22,6.639
cop1-4,0,22,5.232
cop1-4,0,22,5.937
cop1-4,0,22,5.668
PHYBox,0,22,6.917
PHYBox,0,22,9.638
PHYBox,0,22,9.871
PHYBox,0,22,8.434
PHYBox,0,22,7.534
PHYBox,0,22,7.616
PHYBox,0,22,7.490
PHYBox,0,22,7.294
PHYBox,0,22,8.454
PHYBox,0,22,7.706
PHYBox,0,22,8.630
PHYBox,0,22,9.171
PHYBox,0,22,7.501
PHYBox,0,22,6.558
PHYBox,0,22,8.291
PHYBox,0,22,8.620
phyB-9,0,22,9.963
phyB-9,0,22,10.670
phyB-9,0,22,10.514
phyB-9,0,22,12.268
phyB-9,0,22,12.915
phyB-9,0,22,12.584
phyB-9,0,22,12.178
phyB-9,0,22,11.644
phyB-9,0,22,10.432
phyB-9,0,22,10.495
phyB-9,0,22,13.941
phyB-9,0,22,14.236
phyB-9,0,22,10.515
phyB-9,0,22,11.741
phyB-9,0,22,11.305
ELF3ox,0,28,12.618
ELF3ox,0,28,14.690
ELF3ox,0,28,13.193
ELF3ox,0,28,15.089
ELF3ox,0,28,17.198
ELF3ox,0,28,12.747
ELF3ox,0,28,15.452
ELF3ox,0,28,13.631
ELF3ox,0,28,16.630
ELF3ox,0,28,15.067
ELF3ox,0,28,16.040
ELF3ox,0,28,15.856
ELF3ox,0,28,15.549
ELF3ox,0,28,15.259
ELF3ox,0,28,16.975
ELF3ox,0,28,16.962
ELF3ox,0,28,15.957
ELF3ox,0,28,20.684
ELF3ox,0,28,16.082
ELF3ox,0,28,16.308
ELF3ox,0,28,17.513
ELF3ox,0,28,12.751
ELF3ox,0,28,13.756
ELF3ox,0,28,16.765
ELF3ox,0,28,14.508
ELF3ox,0,28,12.815
ELF3ox,0,28,18.398
ELF3ox,0,28,16.672
ELF3ox,0,28,16.103
ELF3ox,0,28,16.398
ELF3ox,0,28,16.242
ELF3ox,0,28,18.400
ELF3ox,0,28,15.743
ELF3ox,0,28,15.421
ELF3ox,0,28,15.462
elf3-8,0,28,15.858
elf3-8,0,28,13.114
elf3-8,0,28,14.529
elf3-8,0,28,14.189
elf3-8,0,28,14.635
elf3-8,0,28,15.429
elf3-8,0,28,15.464
elf3-8,0,28,13.366
elf3-8,0,28,12.836
elf3-8,0,28,13.306
elf3-8,0,28,12.766
elf3-8,0,28,16.602
elf3-8,0,28,14.008
elf3-8,0,28,14.734
elf3-8,0,28,17.314
elf3-8,0,28,14.635
elf3-8,0,28,14.880
elf3-8,0,28,12.711
elf3-8,0,28,15.318
elf3-8,0,28,13.965
elf3-8,0,28,13.630
elf3-8,0,28,14.889
elf3-8,0,28,12.899
elf3-8,0,28,14.757
elf3-8,0,28,13.910
elf3-8,0,28,14.007
elf3-8,0,28,11.000
elf3-8,0,28,16.005
elf3-8,0,28,16.576
elf3-8,0,28,16.759
elf3-8,0,28,15.767
Col,0,28,13.412
Col,0,28,12.663
Col,0,28,13.605
Col,0,28,11.521
Col,0,28,14.018
Col,0,28,14.138
Col,0,28,12.800
Col,0,28,11.163
Col,0,28,13.171
Col,0,28,16.128
Col,0,28,14.537
Col,0,28,12.516
Col,0,28,12.769
Col,0,28,13.386
Col,0,28,13.272
Col,0,28,14.839
Col,0,28,12.040
Col,0,28,14.187
Col,0,28,12.845
Col,0,28,12.096
ELF3ox cop1-4,0,28,3.875
ELF3ox cop1-4,0,28,3.823
ELF3ox cop1-4,0,28,3.648
ELF3ox cop1-4,0,28,3.440
ELF3ox cop1-4,0,28,3.244
ELF3ox cop1-4,0,28,3.034
ELF3ox cop1-4,0,28,4.357
ELF3ox cop1-4,0,28,3.378
ELF3ox cop1-4,0,28,3.451
ELF3ox cop1-4,0,28,3.706
ELF3ox cop1-4,0,28,2.788
ELF3ox cop1-4,0,28,2.940
ELF3ox cop1-4,0,28,2.826
ELF3ox cop1-4,0,28,3.106
ELF3ox cop1-4,0,28,3.527
ELF3ox cop1-4,0,28,3.405
ELF3ox cop1-4,0,28,3.460
ELF3ox cop1-4,0,28,3.873
ELF3ox cop1-4,0,28,3.515
ELF3ox cop1-4,0,28,3.563
ELF3ox cop1-4,0,28,2.707
ELF3ox cop1-4,0,28,3.846
ELF3ox cop1-4,0,28,3.558
ELF3ox cop1-4,0,28,4.088
ELF3ox cop1-4,0,28,3.461
ELF3ox cop1-4,0,28,3.929
ELF3ox cop1-4,0,28,3.422
ELF3ox cop1-4,0,28,3.687
ELF3ox cop1-4,0,28,3.817
ELF3ox cop1-4,0,28,3.323
ELF3ox cop1-4,0,28,3.644
elf3-8 cop1-4,0,28,4.301
elf3-8 cop1-4,0,28,4.472
elf3-8 cop1-4,0,28,3.722
elf3-8 cop1-4,0,28,4.530
elf3-8 cop1-4,0,28,5.014
elf3-8 cop1-4,0,28,5.396
elf3-8 cop1-4,0,28,4.508
elf3-8 cop1-4,0,28,4.947
elf3-8 cop1-4,0,28,4.274
elf3-8 cop1-4,0,28,4.184
elf3-8 cop1-4,0,28,4.234
elf3-8 cop1-4,0,28,2.629
elf3-8 cop1-4,0,28,2.531
elf3-8 cop1-4,0,28,2.460
elf3-8 cop1-4,0,28,3.067
elf3-8 cop1-4,0,28,2.800
elf3-8 cop1-4,0,28,2.739
elf3-8 cop1-4,0,28,3.294
elf3-8 cop1-4,0,28,3.031
elf3-8 cop1-4,0,28,3.142
elf3-8 cop1-4,0,28,2.807
elf3-8 cop1-4,0,28,2.700
elf3-8 cop1-4,0,28,2.868
elf3-8 cop1-4,0,28,4.694
elf3-8 cop1-4,0,28,3.540
elf3-8 cop1-4,0,28,4.000
elf3-8 cop1-4,0,28,5.438
elf3-8 cop1-4,0,28,4.444
elf3-8 cop1-4,0,28,4.042
elf3-8 cop1-4,0,28,4.786
elf3-8 cop1-4,0,28,4.709
elf3-8 cop1-4,0,28,3.928
elf3-8 cop1-4,0,28,5.099
elf3-8 cop1-4,0,28,4.136
elf3-8 cop1-4,0,28,4.369
cop1-4,0,28,5.433
cop1-4,0,28,5.457
cop1-4,0,28,5.923
cop1-4,0,28,7.912
cop1-4,0,28,6.376
cop1-4,0,28,7.736
cop1-4,0,28,4.733
cop1-4,0,28,6.268
cop1-4,0,28,5.577
cop1-4,0,28,4.058
cop1-4,0,28,4.857
cop1-4,0,28,5.607
cop1-4,0,28,4.304
cop1-4,0,28,7.645
cop1-4,0,28,5.580
cop1-4,0,28,5.471
cop1-4,0,28,4.981
cop1-4,0,28,4.402
cop1-4,0,28,4.660
cop1-4,0,28,5.192
cop1-4,0,28,6.493
cop1-4,0,28,10.503
cop1-4,0,28,5.948
cop1-4,0,28,6.300
cop1-4,0,28,6.078
cop1-4,0,28,8.439
cop1-4,0,28,6.311
cop1-4,0,28,6.456
cop1-4,0,28,5.514
cop1-4,0,28,5.345
PHYBox,0,28,11.269
PHYBox,0,28,10.632
PHYBox,0,28,12.229
PHYBox,0,28,10.578
PHYBox,0,28,11.558
PHYBox,0,28,11.603
PHYBox,0,28,11.898
PHYBox,0,28,11.449
PHYBox,0,28,11.944
PHYBox,0,28,13.324
PHYBox,0,28,11.765
PHYBox,0,28,13.766
PHYBox,0,28,12.164
PHYBox,0,28,13.589
PHYBox,0,28,11.294
phyB-9,0,28,16.947
phyB-9,0,28,16.686
phyB-9,0,28,13.362
phyB-9,0,28,13.839
phyB-9,0,28,13.621
phyB-9,0,28,11.539
phyB-9,0,28,11.488
phyB-9,0,28,16.186
phyB-9,0,28,17.781
phyB-9,0,28,14.727
phyB-9,0,28,12.883
phyB-9,0,28,12.887
phyB-9,0,28,15.781
phyB-9,0,28,16.043
phyB-9,0,28,15.075
phyB-9,0,28,18.543
phyB-9,0,28,15.294
ELF3ox,12,22,2.267
ELF3ox,12,22,2.501
ELF3ox,12,22,2.406
ELF3ox,12,22,2.163
ELF3ox,12,22,2.390
ELF3ox,12,22,2.605
ELF3ox,12,22,2.584
ELF3ox,12,22,2.601
ELF3ox,12,22,2.302
ELF3ox,12,22,2.123
ELF3ox,12,22,2.079
ELF3ox,12,22,2.099
ELF3ox,12,22,1.999
ELF3ox,12,22,1.977
ELF3ox,12,22,2.454
ELF3ox,12,22,2.418
ELF3ox,12,22,2.448
elf3-8,12,22,5.509
elf3-8,12,22,5.550
elf3-8,12,22,5.038
elf3-8,12,22,5.274
elf3-8,12,22,5.456
elf3-8,12,22,5.837
elf3-8,12,22,6.386
elf3-8,12,22,5.464
elf3-8,12,22,5.526
elf3-8,12,22,5.408
elf3-8,12,22,5.946
elf3-8,12,22,5.055
elf3-8,12,22,5.541
elf3-8,12,22,5.268
elf3-8,12,22,5.007
elf3-8,12,22,5.423
elf3-8,12,22,5.374
elf3-8,12,22,5.937
elf3-8,12,22,5.018
elf3-8,12,22,5.345
elf3-8,12,22,5.135
elf3-8,12,22,4.944
Col,12,22,2.122
Col,12,22,2.311
Col,12,22,2.247
Col,12,22,2.540
Col,12,22,2.128
Col,12,22,2.059
Col,12,22,2.260
Col,12,22,2.296
Col,12,22,2.524
Col,12,22,2.524
Col,12,22,2.102
Col,12,22,1.764
Col,12,22,2.108
Col,12,22,2.222
Col,12,22,2.312
ELF3ox cop1-4,12,22,1.415
ELF3ox cop1-4,12,22,1.276
ELF3ox cop1-4,12,22,1.503
ELF3ox cop1-4,12,22,1.374
ELF3ox cop1-4,12,22,1.350
ELF3ox cop1-4,12,22,1.400
ELF3ox cop1-4,12,22,1.414
ELF3ox cop1-4,12,22,1.373
ELF3ox cop1-4,12,22,1.419
ELF3ox cop1-4,12,22,1.267
ELF3ox cop1-4,12,22,1.360
ELF3ox cop1-4,12,22,1.535
ELF3ox cop1-4,12,22,1.469
ELF3ox cop1-4,12,22,1.650
ELF3ox cop1-4,12,22,1.415
ELF3ox cop1-4,12,22,1.603
ELF3ox cop1-4,12,22,1.645
ELF3ox cop1-4,12,22,1.911
ELF3ox cop1-4,12,22,1.537
ELF3ox cop1-4,12,22,1.576
ELF3ox cop1-4,12,22,2.216
ELF3ox cop1-4,12,22,1.869
ELF3ox cop1-4,12,22,2.002
ELF3ox cop1-4,12,22,2.123
ELF3ox cop1-4,12,22,2.109
ELF3ox cop1-4,12,22,1.480
ELF3ox cop1-4,12,22,1.972
ELF3ox cop1-4,12,22,2.033
ELF3ox cop1-4,12,22,1.710
ELF3ox cop1-4,12,22,1.678
ELF3ox cop1-4,12,22,1.661
ELF3ox cop1-4,12,22,1.551
ELF3ox cop1-4,12,22,1.819
ELF3ox cop1-4,12,22,1.589
ELF3ox cop1-4,12,22,1.471
ELF3ox cop1-4,12,22,1.746
elf3-8 cop1-4,12,22,1.937
elf3-8 cop1-4,12,22,2.173
elf3-8 cop1-4,12,22,2.214
elf3-8 cop1-4,12,22,2.007
elf3-8 cop1-4,12,22,2.324
elf3-8 cop1-4,12,22,2.704
elf3-8 cop1-4,12,22,2.036
elf3-8 cop1-4,12,22,1.581
elf3-8 cop1-4,12,22,1.821
elf3-8 cop1-4,12,22,1.938
elf3-8 cop1-4,12,22,2.068
elf3-8 cop1-4,12,22,1.871
elf3-8 cop1-4,12,22,1.754
elf3-8 cop1-4,12,22,1.971
elf3-8 cop1-4,12,22,1.835
elf3-8 cop1-4,12,22,1.795
elf3-8 cop1-4,12,22,2.108
elf3-8 cop1-4,12,22,2.142
elf3-8 cop1-4,12,22,2.308
elf3-8 cop1-4,12,22,1.958
elf3-8 cop1-4,12,22,1.904
elf3-8 cop1-4,12,22,1.648
elf3-8 cop1-4,12,22,1.888
cop1-4,12,22,1.740
cop1-4,12,22,1.974
cop1-4,12,22,2.180
cop1-4,12,22,1.903
cop1-4,12,22,1.734
cop1-4,12,22,1.780
cop1-4,12,22,1.783
cop1-4,12,22,1.860
cop1-4,12,22,1.797
cop1-4,12,22,1.831
cop1-4,12,22,1.797
cop1-4,12,22,1.944
cop1-4,12,22,1.729
cop1-4,12,22,1.803
cop1-4,12,22,1.975
cop1-4,12,22,2.041
cop1-4,12,22,1.790
cop1-4,12,22,1.536
cop1-4,12,22,2.031
cop1-4,12,22,1.966
cop1-4,12,22,1.581
phyB-9,12,22,4.134
phyB-9,12,22,5.328
phyB-9,12,22,5.281
phyB-9,12,22,5.769
phyB-9,12,22,5.599
phyB-9,12,22,6.013
phyB-9,12,22,6.163
phyB-9,12,22,5.175
phyB-9,12,22,5.839
phyB-9,12,22,5.894
phyB-9,12,22,5.747
phyB-9,12,22,4.903
phyB-9,12,22,5.037
phyB-9,12,22,5.186
phyB-9,12,22,4.981
phyB-9,12,22,5.355
phyB-9,12,22,5.698
ELF3ox,12,28,4.207
ELF3ox,12,28,4.627
ELF3ox,12,28,4.912
ELF3ox,12,28,5.455
ELF3ox,12,28,5.274
ELF3ox,12,28,5.197
ELF3ox,12,28,4.054
ELF3ox,12,28,4.877
ELF3ox,12,28,4.320
ELF3ox,12,28,5.478
ELF3ox,12,28,4.386
ELF3ox,12,28,4.667
ELF3ox,12,28,5.255
ELF3ox,12,28,3.366
ELF3ox,12,28,4.999
ELF3ox,12,28,5.050
ELF3ox,12,28,4.682
ELF3ox,12,28,4.111
ELF3ox,12,28,4.285
ELF3ox,12,28,5.439
ELF3ox,12,28,5.275
ELF3ox,12,28,4.987
elf3-8,12,28,8.507
elf3-8,12,28,8.173
elf3-8,12,28,8.760
elf3-8,12,28,8.440
elf3-8,12,28,8.013
elf3-8,12,28,7.512
elf3-8,12,28,8.696
elf3-8,12,28,6.972
elf3-8,12,28,6.031
elf3-8,12,28,7.236
elf3-8,12,28,7.343
elf3-8,12,28,8.460
elf3-8,12,28,8.674
elf3-8,12,28,8.429
elf3-8,12,28,8.503
elf3-8,12,28,8.536
elf3-8,12,28,7.868
elf3-8,12,28,8.622
elf3-8,12,28,7.962
elf3-8,12,28,8.078
elf3-8,12,28,8.569
elf3-8,12,28,9.679
elf3-8,12,28,8.979
elf3-8,12,28,8.246
elf3-8,12,28,7.944
Col,12,28,4.832
Col,12,28,4.507
Col,12,28,4.073
Col,12,28,3.688
Col,12,28,3.964
Col,12,28,4.166
Col,12,28,4.049
Col,12,28,5.217
Col,12,28,3.736
Col,12,28,4.583
Col,12,28,4.216
Col,12,28,4.180
Col,12,28,3.549
Col,12,28,4.126
Col,12,28,4.350
Col,12,28,3.856
Col,12,28,4.117
Col,12,28,4.189
Col,12,28,4.283
ELF3ox cop1-4,12,28,1.357
ELF3ox cop1-4,12,28,1.362
ELF3ox cop1-4,12,28,1.487
ELF3ox cop1-4,12,28,1.288
ELF3ox cop1-4,12,28,1.425
ELF3ox cop1-4,12,28,1.612
ELF3ox cop1-4,12,28,1.424
ELF3ox cop1-4,12,28,1.286
ELF3ox cop1-4,12,28,1.439
ELF3ox cop1-4,12,28,1.354
ELF3ox cop1-4,12,28,1.440
ELF3ox cop1-4,12,28,1.509
ELF3ox cop1-4,12,28,1.462
ELF3ox cop1-4,12,28,1.342
ELF3ox cop1-4,12,28,1.674
ELF3ox cop1-4,12,28,1.858
ELF3ox cop1-4,12,28,1.868
ELF3ox cop1-4,12,28,1.660
ELF3ox cop1-4,12,28,1.612
ELF3ox cop1-4,12,28,2.129
ELF3ox cop1-4,12,28,1.972
ELF3ox cop1-4,12,28,1.977
ELF3ox cop1-4,12,28,1.764
ELF3ox cop1-4,12,28,1.609
ELF3ox cop1-4,12,28,1.479
elf3-8 cop1-4,12,28,1.595
elf3-8 cop1-4,12,28,2.002
elf3-8 cop1-4,12,28,1.675
elf3-8 cop1-4,12,28,1.738
elf3-8 cop1-4,12,28,2.072
elf3-8 cop1-4,12,28,2.009
elf3-8 cop1-4,12,28,1.947
elf3-8 cop1-4,12,28,2.375
elf3-8 cop1-4,12,28,2.544
elf3-8 cop1-4,12,28,2.099
elf3-8 cop1-4,12,28,2.242
elf3-8 cop1-4,12,28,1.809
elf3-8 cop1-4,12,28,1.933
elf3-8 cop1-4,12,28,1.862
elf3-8 cop1-4,12,28,1.655
elf3-8 cop1-4,12,28,1.781
elf3-8 cop1-4,12,28,2.088
elf3-8 cop1-4,12,28,1.767
elf3-8 cop1-4,12,28,1.731
elf3-8 cop1-4,12,28,1.635
elf3-8 cop1-4,12,28,2.051
elf3-8 cop1-4,12,28,1.846
elf3-8 cop1-4,12,28,1.886
elf3-8 cop1-4,12,28,1.961
elf3-8 cop1-4,12,28,1.929
elf3-8 cop1-4,12,28,1.801
elf3-8 cop1-4,12,28,1.871
cop1-4,12,28,2.423
cop1-4,12,28,2.475
cop1-4,12,28,2.337
cop1-4,12,28,2.284
cop1-4,12,28,2.176
cop1-4,12,28,2.243
cop1-4,12,28,2.402
cop1-4,12,28,1.915
cop1-4,12,28,1.956
cop1-4,12,28,2.309
cop1-4,12,28,2.394
cop1-4,12,28,1.977
cop1-4,12,28,2.764
cop1-4,12,28,2.112
cop1-4,12,28,2.301
cop1-4,12,28,2.435
cop1-4,12,28,2.356
cop1-4,12,28,2.401
cop1-4,12,28,1.886
cop1-4,12,28,2.013
phyB-9,12,28,10.309
phyB-9,12,28,8.970
phyB-9,12,28,11.507
phyB-9,12,28,10.853
phyB-9,12,28,11.669
phyB-9,12,28,12.805
phyB-9,12,28,10.887
phyB-9,12,28,10.542
phyB-9,12,28,10.746
phyB-9,12,28,11.660
phyB-9,12,28,12.461
phyB-9,12,28,8.899
phyB-9,12,28,10.979
phyB-9,12,28,9.761
phyB-9,12,28,10.769
phyB-9,12,28,10.728
PHYBox,12,28,1.606
PHYBox,12,28,1.767
PHYBox,12,28,1.315
ELF3ox,24,22,1.138
ELF3ox,24,22,1.332
ELF3ox,24,22,1.224
ELF3ox,24,22,1.287
ELF3ox,24,22,1.380
ELF3ox,24,22,1.333
ELF3ox,24,22,1.139
ELF3ox,24,22,1.282
ELF3ox,24,22,1.124
ELF3ox,24,22,1.340
ELF3ox,24,22,1.332
ELF3ox,24,22,1.590
ELF3ox,24,22,1.456
ELF3ox,24,22,1.360
ELF3ox,24,22,1.344
ELF3ox,24,22,1.530
ELF3ox,24,22,1.648
ELF3ox,24,22,1.413
ELF3ox,24,22,1.544
ELF3ox,24,22,1.217
ELF3ox,24,22,1.169
ELF3ox,24,22,1.328
ELF3ox,24,22,1.415
ELF3ox,24,22,2.024
ELF3ox,24,22,1.086
ELF3ox,24,22,1.357
ELF3ox,24,22,1.362
elf3-8,24,22,1.226
elf3-8,24,22,1.338
elf3-8,24,22,1.491
elf3-8,24,22,1.405
elf3-8,24,22,1.640
elf3-8,24,22,1.164
elf3-8,24,22,1.372
elf3-8,24,22,1.555
elf3-8,24,22,1.435
elf3-8,24,22,1.108
elf3-8,24,22,1.302
elf3-8,24,22,1.344
elf3-8,24,22,1.741
elf3-8,24,22,1.374
elf3-8,24,22,1.342
elf3-8,24,22,1.572
elf3-8,24,22,1.322
elf3-8,24,22,1.362
elf3-8,24,22,1.354
elf3-8,24,22,1.509
elf3-8,24,22,1.659
elf3-8,24,22,1.612
elf3-8,24,22,1.497
elf3-8,24,22,1.479
elf3-8,24,22,1.523
elf3-8,24,22,1.503
elf3-8,24,22,1.606
elf3-8,24,22,1.500
Col,24,22,1.491
Col,24,22,1.133
Col,24,22,1.222
Col,24,22,1.135
Col,24,22,1.659
Col,24,22,1.589
Col,24,22,1.924
Col,24,22,1.596
Col,24,22,1.470
Col,24,22,1.424
Col,24,22,1.431
Col,24,22,1.392
Col,24,22,1.280
ELF3ox cop1-4,24,22,0.756
ELF3ox cop1-4,24,22,1.023
ELF3ox cop1-4,24,22,0.948
ELF3ox cop1-4,24,22,0.907
ELF3ox cop1-4,24,22,1.108
ELF3ox cop1-4,24,22,1.294
ELF3ox cop1-4,24,22,0.897
ELF3ox cop1-4,24,22,0.882
ELF3ox cop1-4,24,22,0.933
ELF3ox cop1-4,24,22,1.148
ELF3ox cop1-4,24,22,1.073
ELF3ox cop1-4,24,22,0.969
ELF3ox cop1-4,24,22,0.969
ELF3ox cop1-4,24,22,1.107
ELF3ox cop1-4,24,22,1.132
ELF3ox cop1-4,24,22,1.381
ELF3ox cop1-4,24,22,0.927
ELF3ox cop1-4,24,22,1.183
ELF3ox cop1-4,24,22,1.047
ELF3ox cop1-4,24,22,1.027
ELF3ox cop1-4,24,22,1.208
ELF3ox cop1-4,24,22,1.189
ELF3ox cop1-4,24,22,1.092
ELF3ox cop1-4,24,22,1.182
ELF3ox cop1-4,24,22,1.415
elf3-8 cop1-4,24,22,0.907
elf3-8 cop1-4,24,22,1.249
elf3-8 cop1-4,24,22,1.233
elf3-8 cop1-4,24,22,1.170
elf3-8 cop1-4,24,22,1.393
elf3-8 cop1-4,24,22,1.063
elf3-8 cop1-4,24,22,1.110
elf3-8 cop1-4,24,22,0.943
elf3-8 cop1-4,24,22,0.803
elf3-8 cop1-4,24,22,1.035
elf3-8 cop1-4,24,22,1.064
elf3-8 cop1-4,24,22,1.157
elf3-8 cop1-4,24,22,1.020
elf3-8 cop1-4,24,22,1.218
elf3-8 cop1-4,24,22,1.047
elf3-8 cop1-4,24,22,1.034
elf3-8 cop1-4,24,22,1.083
elf3-8 cop1-4,24,22,1.104
elf3-8 cop1-4,24,22,0.939
elf3-8 cop1-4,24,22,1.276
elf3-8 cop1-4,24,22,1.158
elf3-8 cop1-4,24,22,1.149
elf3-8 cop1-4,24,22,1.067
elf3-8 cop1-4,24,22,1.213
elf3-8 cop1-4,24,22,1.274
cop1-4,24,22,1.307
cop1-4,24,22,1.076
cop1-4,24,22,1.261
cop1-4,24,22,1.224
cop1-4,24,22,1.268
cop1-4,24,22,1.183
cop1-4,24,22,1.373
cop1-4,24,22,1.276
cop1-4,24,22,0.960
cop1-4,24,22,1.135
cop1-4,24,22,0.999
cop1-4,24,22,1.187
cop1-4,24,22,1.235
cop1-4,24,22,1.157
cop1-4,24,22,1.340
cop1-4,24,22,1.342
cop1-4,24,22,1.241
cop1-4,24,22,0.967
cop1-4,24,22,1.335
cop1-4,24,22,1.425
cop1-4,24,22,1.310
cop1-4,24,22,1.471
cop1-4,24,22,1.435
cop1-4,24,22,1.424
cop1-4,24,22,1.302
cop1-4,24,22,1.581
PHYBox,24,22,1.327
phyB-9,24,22,2.310
phyB-9,24,22,2.280
phyB-9,24,22,2.502
phyB-9,24,22,2.603
phyB-9,24,22,2.108
phyB-9,24,22,2.239
phyB-9,24,22,2.400
phyB-9,24,22,2.413
phyB-9,24,22,2.231
phyB-9,24,22,2.241
phyB-9,24,22,2.461
phyB-9,24,22,2.166
phyB-9,24,22,2.433
phyB-9,24,22,2.121
phyB-9,24,22,1.836
phyB-9,24,22,1.549
phyB-9,24,22,1.914
phyB-9,24,22,2.088
phyB-9,24,22,2.548
PHYBox,24,22,1.046
ELF3ox,24,28,1.905
ELF3ox,24,28,1.690
ELF3ox,24,28,1.853
ELF3ox,24,28,2.047
ELF3ox,24,28,1.810
ELF3ox,24,28,1.925
ELF3ox,24,28,1.537
ELF3ox,24,28,1.947
ELF3ox,24,28,1.939
ELF3ox,24,28,2.100
ELF3ox,24,28,2.354
ELF3ox,24,28,2.440
ELF3ox,24,28,2.816
ELF3ox,24,28,2.591
ELF3ox,24,28,1.735
ELF3ox,24,28,2.146
ELF3ox,24,28,1.965
ELF3ox,24,28,2.311
ELF3ox,24,28,2.052
ELF3ox,24,28,1.590
ELF3ox,24,28,2.092
ELF3ox,24,28,2.464
ELF3ox,24,28,2.204
ELF3ox,24,28,2.704
ELF3ox,24,28,2.433
ELF3ox,24,28,2.645
ELF3ox,24,28,2.293
ELF3ox,24,28,2.269
ELF3ox,24,28,2.383
ELF3ox,24,28,1.973
ELF3ox,24,28,2.359
elf3-8,24,28,1.642
elf3-8,24,28,1.679
elf3-8,24,28,1.676
elf3-8,24,28,1.838
elf3-8,24,28,1.763
elf3-8,24,28,1.507
elf3-8,24,28,3.093
elf3-8,24,28,1.849
elf3-8,24,28,1.951
elf3-8,24,28,1.059
elf3-8,24,28,1.315
elf3-8,24,28,2.386
elf3-8,24,28,2.097
elf3-8,24,28,2.100
elf3-8,24,28,1.736
elf3-8,24,28,2.397
elf3-8,24,28,1.977
elf3-8,24,28,2.713
elf3-8,24,28,2.593
elf3-8,24,28,2.805
elf3-8,24,28,1.914
elf3-8,24,28,2.854
elf3-8,24,28,1.863
elf3-8,24,28,1.900
elf3-8,24,28,1.903
Col,24,28,1.567
Col,24,28,1.921
Col,24,28,2.176
Col,24,28,2.117
Col,24,28,1.869
Col,24,28,1.820
Col,24,28,2.118
Col,24,28,1.709
Col,24,28,2.204
Col,24,28,1.865
Col,24,28,2.364
ELF3ox cop1-4,24,28,1.093
ELF3ox cop1-4,24,28,1.679
ELF3ox cop1-4,24,28,1.556
ELF3ox cop1-4,24,28,1.520
ELF3ox cop1-4,24,28,1.382
ELF3ox cop1-4,24,28,1.520
ELF3ox cop1-4,24,28,1.468
ELF3ox cop1-4,24,28,1.073
ELF3ox cop1-4,24,28,1.146
ELF3ox cop1-4,24,28,1.269
ELF3ox cop1-4,24,28,1.248
ELF3ox cop1-4,24,28,1.195
ELF3ox cop1-4,24,28,1.509
ELF3ox cop1-4,24,28,1.233
ELF3ox cop1-4,24,28,1.554
ELF3ox cop1-4,24,28,1.367
ELF3ox cop1-4,24,28,1.131
ELF3ox cop1-4,24,28,1.312
ELF3ox cop1-4,24,28,1.093
ELF3ox cop1-4,24,28,1.249
elf3-8 cop1-4,24,28,0.981
elf3-8 cop1-4,24,28,0.767
elf3-8 cop1-4,24,28,0.930
elf3-8 cop1-4,24,28,0.929
elf3-8 cop1-4,24,28,1.321
elf3-8 cop1-4,24,28,1.151
elf3-8 cop1-4,24,28,1.410
elf3-8 cop1-4,24,28,1.517
elf3-8 cop1-4,24,28,1.416
elf3-8 cop1-4,24,28,1.350
elf3-8 cop1-4,24,28,1.014
elf3-8 cop1-4,24,28,1.122
elf3-8 cop1-4,24,28,1.118
elf3-8 cop1-4,24,28,1.182
elf3-8 cop1-4,24,28,1.067
elf3-8 cop1-4,24,28,1.223
elf3-8 cop1-4,24,28,1.151
elf3-8 cop1-4,24,28,1.267
elf3-8 cop1-4,24,28,1.375
cop1-4,24,28,1.705
cop1-4,24,28,1.503
cop1-4,24,28,1.721
cop1-4,24,28,1.462
cop1-4,24,28,1.705
cop1-4,24,28,1.367
cop1-4,24,28,1.249
cop1-4,24,28,1.576
cop1-4,24,28,1.466
cop1-4,24,28,1.466
cop1-4,24,28,1.586
cop1-4,24,28,1.374
cop1-4,24,28,1.645
cop1-4,24,28,1.589
cop1-4,24,28,1.335
cop1-4,24,28,1.313
cop1-4,24,28,1.422
cop1-4,24,28,1.310
cop1-4,24,28,1.263
cop1-4,24,28,1.174
cop1-4,24,28,1.167
cop1-4,24,28,1.402
cop1-4,24,28,1.215
cop1-4,24,28,1.372
cop1-4,24,28,1.314
cop1-4,24,28,1.440
PHYBox,24,28,1.352
PHYBox,24,28,1.458
PHYBox,24,28,1.282
PHYBox,24,28,1.019
phyB-9,24,28,6.975
phyB-9,24,28,6.278
phyB-9,24,28,6.116
phyB-9,24,28,6.410
phyB-9,24,28,6.109
phyB-9,24,28,5.746
phyB-9,24,28,6.691
phyB-9,24,28,6.789
phyB-9,24,28,5.633
phyB-9,24,28,6.568
phyB-9,24,28,5.543
phyB-9,24,28,5.823
phyB-9,24,28,6.166
phyB-9,24,28,6.158
phyB-9,24,28,6.239
phyB-9,24,28,5.318
phyB-9,24,28,6.616
PIF4ox,8,22,10.997
PIF4ox,8,22,9.010
PIF4ox,8,22,8.472
PIF4ox,8,22,9.416
PIF4ox,8,22,9.308
PIF4ox,8,22,7.670
PIF4ox,8,22,10.658
PIF4ox,8,22,12.105
hy5,8,22,8.275
hy5,8,22,8.471
hy5,8,22,8.109
hy5,8,22,7.632
hy5,8,22,7.028
hy5,8,22,9.546
hy5,8,22,7.025
hy5,8,22,8.440
hy5,8,22,8.642
hy5,8,22,7.757
hy5,8,22,9.162
hy5,8,22,8.775
hy5,8,22,8.280
hy5,8,22,9.393
hy5,8,22,5.855
hy5,8,22,6.921
hy5,8,22,8.297
hy5,8,22,7.625
hy5,8,22,7.508
hy5,8,22,9.491
hy5,8,22,8.787
pif4,8,22,3.447
pif4,8,22,2.802
pif4,8,22,2.837
pif4,8,22,3.923
pif4,8,22,3.628
pif4,8,22,3.623
pif4,8,22,3.658
pif4,8,22,3.485
pif4,8,22,2.988
pif4,8,22,3.069
pif4,8,22,3.562
pif4,8,22,3.710
pif4,8,22,4.141
pif4,8,22,3.198
pif4,8,22,3.882
pif4,8,22,4.172
pif4,8,22,3.465
pif4,8,22,4.216
pif4,8,22,3.516
pif4,8,22,3.548
pif4,8,22,3.653
pif4,8,22,4.393
pif4,8,22,4.173
pif4,8,22,3.088
pif4,8,22,3.684
pif4,8,22,4.123
pif4,8,22,3.938
pifq,8,22,1.581
pifq,8,22,1.888
pifq,8,22,1.621
pifq,8,22,1.599
pifq,8,22,2.357
pifq,8,22,2.068
pifq,8,22,2.004
pifq,8,22,2.572
pifq,8,22,2.187
pifq,8,22,2.422
hy5,8,28,13.896
hy5,8,28,12.259
hy5,8,28,14.996
hy5,8,28,11.130
hy5,8,28,12.929
hy5,8,28,12.366
hy5,8,28,14.081
hy5,8,28,14.832
hy5,8,28,14.501
hy5,8,28,13.983
hy5,8,28,14.593
hy5,8,28,12.546
hy5,8,28,14.408
hy5,8,28,13.366
hy5,8,28,12.403
hy5,8,28,14.210
hy5,8,28,12.600
hy5,8,28,14.717
hy5,8,28,12.252
pif4,8,28,6.598
pif4,8,28,6.985
pif4,8,28,7.646
pif4,8,28,7.585
pif4,8,28,7.821
pif4,8,28,5.420
pif4,8,28,6.036
pif4,8,28,7.331
pif4,8,28,6.145
pif4,8,28,6.345
pif4,8,28,6.742
pif4,8,28,5.964
pif4,8,28,6.829
pif4,8,28,7.353
pif4,8,28,6.722
pif4,8,28,6.332
pif4,8,28,7.380
pif4,8,28,6.775
pif4,8,28,7.422
pif4,8,28,6.286
pif4,8,28,6.539
pif4,8,28,5.584
pif4,8,28,5.866
pif4,8,28,7.735
pif4,8,28,5.788
pif4,8,28,7.595
pif4,8,28,6.441
pif4,8,28,7.554
pif4,8,28,5.860
pifq,8,28,3.048
pifq,8,28,3.504
pifq,8,28,2.640
pifq,8,28,2.800
pifq,8,28,3.456
pifq,8,28,2.762
pifq,8,28,3.037
pifq,8,28,2.961
pifq,8,28,3.333
pifq,8,28,2.103
pifq,8,28,3.629
pifq,8,28,2.572
pifq,8,28,2.948
pifq,8,28,3.121
pifq,8,28,2.828
pifq,8,28,2.572
PIF4ox,8,28,11.791
PIF4ox,8,28,9.484
PIF4ox,8,28,8.306
PIF4ox,8,28,9.530
PIF4ox,8,28,8.140
PIF4ox,8,28,9.749
PIF4ox,8,28,8.608
PIF4ox,8,28,10.471
PIF4ox,8,28,12.449
PIF4ox,8,28,9.730
PIF4ox,0,22,12.310
hy5,0,22,12.945
hy5,0,22,14.807
hy5,0,22,15.974
hy5,0,22,15.656
hy5,0,22,12.995
hy5,0,22,13.263
hy5,0,22,12.732
hy5,0,22,15.255
hy5,0,22,14.977
hy5,0,22,12.684
hy5,0,22,14.121
hy5,0,22,16.185
hy5,0,22,15.249
hy5,0,22,12.546
hy5,0,22,13.533
hy5,0,22,10.744
hy5,0,22,13.448
hy5,0,22,10.320
hy5,0,22,13.655
hy5,0,22,13.415
hy5,0,22,13.316
hy5,0,22,12.772
hy5,0,22,9.552
hy5,0,22,11.390
pif4,0,22,10.438
pif4,0,22,9.354
pif4,0,22,9.209
pif4,0,22,10.948
pif4,0,22,10.801
pif4,0,22,9.096
pif4,0,22,13.585
pif4,0,22,9.438
pif4,0,22,9.622
pif4,0,22,8.642
pif4,0,22,10.725
pif4,0,22,7.834
pif4,0,22,10.422
pif4,0,22,9.069
pif4,0,22,9.392
pif4,0,22,12.396
pif4,0,22,8.615
pif4,0,22,8.409
pif4,0,22,10.652
pif4,0,22,11.367
pif4,0,22,9.852
pifq,0,22,8.992
pifq,0,22,9.270
pifq,0,22,9.420
pifq,0,22,7.929
pifq,0,22,7.507
pifq,0,22,8.421
PIF4ox,0,28,13.660
PIF4ox,0,28,11.567
PIF4ox,0,28,10.020
PIF4ox,0,28,14.073
PIF4ox,0,28,13.737
hy5,0,28,14.513
hy5,0,28,16.897
hy5,0,28,17.131
hy5,0,28,15.961
hy5,0,28,16.893
hy5,0,28,16.068
hy5,0,28,16.229
hy5,0,28,13.779
hy5,0,28,13.355
hy5,0,28,15.945
hy5,0,28,14.693
hy5,0,28,14.166
hy5,0,28,14.032
hy5,0,28,15.756
hy5,0,28,16.962
pif4,0,28,14.133
pif4,0,28,13.108
pif4,0,28,12.790
pif4,0,28,10.922
pif4,0,28,13.728
pif4,0,28,13.246
pif4,0,28,14.168
pif4,0,28,13.195
pif4,0,28,10.666
pif4,0,28,13.198
pif4,0,28,11.757
pif4,0,28,9.709
pif4,0,28,12.330
pif4,0,28,10.010
pif4,0,28,14.574
pif4,0,28,14.231
pif4,0,28,9.249
pif4,0,28,11.862
pif4,0,28,9.532
pif4,0,28,10.548
pif4,0,28,9.932
pif4,0,28,10.673
pif4,0,28,10.406
pif4,0,28,10.812
pif4,0,28,10.027
pif4,0,28,10.843
pif4,0,28,14.286
pifq,0,28,10.229
pifq,0,28,9.813
pifq,0,28,6.503
pifq,0,28,8.478
pifq,0,28,8.916
pifq,0,28,10.898
pifq,0,28,9.064
PIF4ox,12,22,4.641
PIF4ox,12,22,3.319
PIF4ox,12,22,4.419
PIF4ox,12,22,3.802
PIF4ox,12,22,5.324
PIF4ox,12,22,4.655
PIF4ox,12,22,4.453
PIF4ox,12,22,5.799
PIF4ox,12,22,5.021
PIF4ox,12,22,7.249
PIF4ox,12,22,5.417
PIF4ox,12,22,5.617
hy5,12,22,7.066
hy5,12,22,7.219
hy5,12,22,6.083
hy5,12,22,7.346
hy5,12,22,6.791
hy5,12,22,5.774
hy5,12,22,5.948
hy5,12,22,6.657
hy5,12,22,6.516
hy5,12,22,6.478
hy5,12,22,5.802
hy5,12,22,6.880
hy5,12,22,6.237
hy5,12,22,5.571
pif4,12,22,2.048
pif4,12,22,2.092
pif4,12,22,2.007
pif4,12,22,2.108
pif4,12,22,1.683
pif4,12,22,1.529
pif4,12,22,1.822
pif4,12,22,2.088
pif4,12,22,1.606
pif4,12,22,1.986
pif4,12,22,2.207
pif4,12,22,1.868
pif4,12,22,1.804
pif4,12,22,2.022
pif4,12,22,2.084
pif4,12,22,1.879
pif4,12,22,2.092
pif4,12,22,1.823
pif4,12,22,1.877
pif4,12,22,2.195
pif4,12,22,1.868
pif4,12,22,1.541
pif4,12,22,1.957
pif4,12,22,1.867
pif4,12,22,2.168
pif4,12,22,2.075
pif4,12,22,1.882
pif4,12,22,1.740
pif4,12,22,1.765
pifq,12,22,1.655
pifq,12,22,1.419
pifq,12,22,1.590
pifq,12,22,1.467
pifq,12,22,1.335
PIF4ox,12,28,12.933
PIF4ox,12,28,14.001
PIF4ox,12,28,11.144
PIF4ox,12,28,11.734
PIF4ox,12,28,10.553
PIF4ox,12,28,8.789
PIF4ox,12,28,11.435
PIF4ox,12,28,10.054
hy5,12,28,11.231
hy5,12,28,11.183
hy5,12,28,11.926
hy5,12,28,10.915
hy5,12,28,9.739
hy5,12,28,10.865
hy5,12,28,12.130
hy5,12,28,10.217
hy5,12,28,11.237
hy5,12,28,9.957
hy5,12,28,11.305
pif4,12,28,3.839
pif4,12,28,3.598
pif4,12,28,3.922
pif4,12,28,4.279
pif4,12,28,3.572
pif4,12,28,3.822
pif4,12,28,3.171
pif4,12,28,3.975
pif4,12,28,4.893
pif4,12,28,4.003
pif4,12,28,4.956
pif4,12,28,3.916
pif4,12,28,3.618
pif4,12,28,3.669
pif4,12,28,4.875
pif4,12,28,4.702
pif4,12,28,4.820
pif4,12,28,4.276
pif4,12,28,3.767
pif4,12,28,3.629
pif4,12,28,3.782
pif4,12,28,3.619
pif4,12,28,3.403
pif4,12,28,3.404
pif4,12,28,3.152
pif4,12,28,3.414
pifq,12,28,1.744
pifq,12,28,2.168
pifq,12,28,2.708
pifq,12,28,1.598
pifq,12,28,1.772
pifq,12,28,1.900
pifq,12,28,3.110
pifq,12,28,1.820
PIF4ox,24,22,4.579
PIF4ox,24,22,4.071
PIF4ox,24,22,4.134
PIF4ox,24,22,4.026
hy5,24,22,3.126
hy5,24,22,2.791
hy5,24,22,2.309
hy5,24,22,1.887
hy5,24,22,1.913
hy5,24,22,3.277
hy5,24,22,2.895
hy5,24,22,2.649
hy5,24,22,2.434
hy5,24,22,2.774
hy5,24,22,2.442
hy5,24,22,2.327
hy5,24,22,4.053
hy5,24,22,3.013
pif4,24,22,1.294
pif4,24,22,1.265
pif4,24,22,1.240
pif4,24,22,1.216
pif4,24,22,1.229
pif4,24,22,1.400
pif4,24,22,0.754
pif4,24,22,1.241
pif4,24,22,1.294
pif4,24,22,1.310
pif4,24,22,1.200
pif4,24,22,1.400
pif4,24,22,1.145
pif4,24,22,1.239
pif4,24,22,1.468
pif4,24,22,1.344
pif4,24,22,1.439
pif4,24,22,1.767
pifq,24,22,1.705
pifq,24,22,1.474
PIF4ox,24,28,6.512
PIF4ox,24,28,8.764
PIF4ox,24,28,6.949
PIF4ox,24,28,7.475
PIF4ox,24,28,8.133
PIF4ox,24,28,7.684
PIF4ox,24,28,8.515
PIF4ox,24,28,8.053
PIF4ox,24,28,8.224
PIF4ox,24,28,8.046
PIF4ox,24,28,6.773
PIF4ox,24,28,7.221
PIF4ox,24,28,7.341
PIF4ox,24,28,8.121
PIF4ox,24,28,7.985
hy5,24,28,7.448
hy5,24,28,7.099
hy5,24,28,7.566
hy5,24,28,5.341
hy5,24,28,7.950
hy5,24,28,5.810
hy5,24,28,6.797
hy5,24,28,7.060
hy5,24,28,7.853
hy5,24,28,8.171
hy5,24,28,8.776
hy5,24,28,9.876
hy5,24,28,10.115
hy5,24,28,7.559
pif4,24,28,1.576
pif4,24,28,1.407
pif4,24,28,1.675
pif4,24,28,1.652
pif4,24,28,1.572
pif4,24,28,1.717
pif4,24,28,1.939
pif4,24,28,2.071
pif4,24,28,1.720
pif4,24,28,1.804
pif4,24,28,1.460
pif4,24,28,1.972
pif4,24,28,1.467
pif4,24,28,1.845
pif4,24,28,1.895
pif4,24,28,1.841
pif4,24,28,2.034
pif4,24,28,1.855
pif4,24,28,1.766
pifq,24,28,1.440
pifq,24,28,0.713
pifq,24,28,1.567
elf3-8,16,28,5.548
elf3-8,16,28,5.039
elf3-8,16,28,5.477
elf3-8,16,28,6.169
elf3-8,16,28,4.961
elf3-8,16,28,4.928
elf3-8,16,28,4.392
elf3-8,16,28,5.791
elf3-8,16,28,5.405
elf3-8,16,28,5.430
elf3-8,16,28,4.603
elf3-8,16,28,5.254
elf3-8,16,28,4.967
elf3-8,16,28,4.745
elf3-8,16,28,5.238
elf3-8,16,28,6.038
Col,16,28,3.302
Col,16,28,3.591
Col,16,28,3.389
Col,16,28,3.799
Col,16,28,3.302
Col,16,28,3.485
Col,16,28,3.338
Col,16,28,3.306
Col,16,28,3.270
Col,16,28,3.583
Col,16,28,3.547
Col,16,28,3.439
Col,16,28,4.237
Col,16,28,3.677
Col,16,28,3.887
Col,16,28,3.908
Col,16,28,3.912
Col,16,28,4.189
Col,16,28,4.420
Col,16,28,4.387
Col,16,28,4.450
Col,16,28,4.086
Col,16,28,3.749
Col,16,28,3.785
Col,16,28,3.966
ELF3ox cop1-4,16,28,1.435
ELF3ox cop1-4,16,28,1.505
ELF3ox cop1-4,16,28,1.217
ELF3ox cop1-4,16,28,1.338
ELF3ox cop1-4,16,28,1.389
ELF3ox cop1-4,16,28,1.697
ELF3ox cop1-4,16,28,1.573
ELF3ox cop1-4,16,28,1.550
ELF3ox cop1-4,16,28,1.481
ELF3ox cop1-4,16,28,1.496
ELF3ox cop1-4,16,28,1.928
ELF3ox cop1-4,16,28,1.486
ELF3ox cop1-4,16,28,1.589
ELF3ox cop1-4,16,28,1.798
ELF3ox cop1-4,16,28,1.966
ELF3ox cop1-4,16,28,1.572
ELF3ox cop1-4,16,28,2.229
ELF3ox cop1-4,16,28,1.838
ELF3ox cop1-4,16,28,1.574
ELF3ox cop1-4,16,28,1.704
ELF3ox cop1-4,16,28,1.802
ELF3ox cop1-4,16,28,1.816
ELF3ox cop1-4,16,28,1.662
ELF3ox cop1-4,16,28,1.905
elf3-8 cop1-4,16,28,1.602
elf3-8 cop1-4,16,28,1.690
elf3-8 cop1-4,16,28,1.642
elf3-8 cop1-4,16,28,1.357
elf3-8 cop1-4,16,28,1.376
elf3-8 cop1-4,16,28,1.411
elf3-8 cop1-4,16,28,1.726
elf3-8 cop1-4,16,28,1.304
elf3-8 cop1-4,16,28,1.361
elf3-8 cop1-4,16,28,1.688
elf3-8 cop1-4,16,28,1.911
cop1-4,16,28,2.025
cop1-4,16,28,2.117
cop1-4,16,28,1.942
cop1-4,16,28,2.508
cop1-4,16,28,2.382
cop1-4,16,28,2.626
cop1-4,16,28,2.510
cop1-4,16,28,2.370
cop1-4,16,28,2.703
cop1-4,16,28,1.657
cop1-4,16,28,1.938
cop1-4,16,28,2.062
cop1-4,16,28,2.364
cop1-4,16,28,2.472
cop1-4,16,28,2.750
cop1-4,16,28,2.327
cop1-4,16,28,2.366
cop1-4,16,28,2.453
cop1-4,16,28,2.594
cop1-4,16,28,2.071
cop1-4,16,28,2.672
cop1-4,16,28,2.537
cop1-4,16,28,2.502
cop1-4,16,28,2.078
cop1-4,16,28,3.459
cop1-4,16,28,3.069
cop1-4,16,28,2.639
cop1-4,16,28,2.614
cop1-4,16,28,2.617
PHYBox,16,28,1.650
PHYBox,16,28,1.861
PHYBox,16,28,1.664
PHYBox,16,28,1.319
PHYBox,16,28,1.772
PHYBox,16,28,1.432
phyB-9,16,28,7.606
phyB-9,16,28,8.059
phyB-9,16,28,7.062
phyB-9,16,28,7.120
phyB-9,16,28,8.410
phyB-9,16,28,8.343
phyB-9,16,28,9.376
phyB-9,16,28,5.466
phyB-9,16,28,6.908
phyB-9,16,28,7.994
phyB-9,16,28,8.057
PIF4ox,16,28,10.366
PIF4ox,16,28,7.975
PIF4ox,16,28,8.980
PIF4ox,16,28,10.472
PIF4ox,16,28,9.072
PIF4ox,16,28,8.371
PIF4ox,16,28,10.611
PIF4ox,16,28,9.773
PIF4ox,16,28,11.270
PIF4ox,16,28,12.387
PIF4ox,16,28,10.505
PIF4ox,16,28,10.973
PIF4ox,16,28,7.685
PIF4ox,16,28,9.887
PIF4ox,16,28,8.897
PIF4ox,16,28,9.114
PIF4ox,16,28,10.585
PIF4ox,16,28,7.703
PIF4ox,16,28,10.657
PIF4ox,16,28,7.276
hy5,16,28,6.736
hy5,16,28,9.085
hy5,16,28,8.591
hy5,16,28,10.171
hy5,16,28,10.137
hy5,16,28,5.712
hy5,16,28,8.027
hy5,16,28,4.611
hy5,16,28,8.254
hy5,16,28,8.190
hy5,16,28,9.012
hy5,16,28,9.881
hy5,16,28,9.783
hy5,16,28,7.850
hy5,16,28,10.220
hy5,16,28,8.431
pif4,16,28,2.550
pif4,16,28,2.183
pif4,16,28,2.309
pif4,16,28,1.819
pif4,16,28,1.961
pif4,16,28,2.231
pif4,16,28,2.784
pif4,16,28,2.392
pif4,16,28,2.140
pif4,16,28,1.757
pif4,16,28,2.284
pif4,16,28,2.266
pif4,16,28,1.623
pif4,16,28,2.721
pif4,16,28,2.737
pifq,16,28,1.509
pifq,16,28,1.496
pifq,16,28,1.787
ELF3ox,16,22,1.088
ELF3ox,16,22,1.522
ELF3ox,16,22,1.224
ELF3ox,16,22,1.327
ELF3ox,16,22,1.355
ELF3ox,16,22,1.518
ELF3ox,16,22,1.280
ELF3ox,16,22,1.194
ELF3ox,16,22,1.554
ELF3ox,16,22,1.861
ELF3ox,16,22,1.748
ELF3ox,16,22,1.464
ELF3ox,16,22,1.763
ELF3ox,16,22,1.945
ELF3ox,16,22,1.874
ELF3ox,16,22,1.933
ELF3ox,16,22,1.618
ELF3ox,16,22,1.167
ELF3ox,16,22,1.421
ELF3ox,16,22,1.524
ELF3ox,16,22,1.584
ELF3ox,16,22,1.617
elf3-8,16,22,3.040
elf3-8,16,22,3.113
elf3-8,16,22,2.806
elf3-8,16,22,3.565
elf3-8,16,22,3.000
elf3-8,16,22,2.955
elf3-8,16,22,3.847
elf3-8,16,22,3.622
elf3-8,16,22,3.611
Col,16,22,1.689
Col,16,22,1.601
Col,16,22,1.518
Col,16,22,1.796
Col,16,22,1.703
Col,16,22,2.052
Col,16,22,1.825
Col,16,22,1.592
Col,16,22,1.765
Col,16,22,2.074
Col,16,22,2.222
Col,16,22,2.330
Col,16,22,1.803
Col,16,22,2.196
Col,16,22,2.033
Col,16,22,1.930
Col,16,22,1.935
Col,16,22,2.113
Col,16,22,1.935
Col,16,22,2.057
Col,16,22,1.768
Col,16,22,1.745
Col,16,22,1.994
Col,16,22,2.045
Col,16,22,1.911
Col,16,22,1.916
Col,16,22,1.602
Col,16,22,2.519
Col,16,22,1.962
Col,16,22,2.203
ELF3ox cop1-4,16,22,1.264
ELF3ox cop1-4,16,22,1.133
ELF3ox cop1-4,16,22,1.211
ELF3ox cop1-4,16,22,1.092
ELF3ox cop1-4,16,22,1.291
ELF3ox cop1-4,16,22,1.286
ELF3ox cop1-4,16,22,1.659
ELF3ox cop1-4,16,22,1.577
ELF3ox cop1-4,16,22,1.171
ELF3ox cop1-4,16,22,1.379
ELF3ox cop1-4,16,22,1.246
ELF3ox cop1-4,16,22,1.455
ELF3ox cop1-4,16,22,1.286
ELF3ox cop1-4,16,22,1.227
ELF3ox cop1-4,16,22,1.434
ELF3ox cop1-4,16,22,1.557
ELF3ox cop1-4,16,22,1.699
ELF3ox cop1-4,16,22,1.505
ELF3ox cop1-4,16,22,1.765
elf3-8 cop1-4,16,22,1.716
elf3-8 cop1-4,16,22,1.475
elf3-8 cop1-4,16,22,1.355
elf3-8 cop1-4,16,22,1.484
elf3-8 cop1-4,16,22,1.582
elf3-8 cop1-4,16,22,1.620
elf3-8 cop1-4,16,22,1.434
elf3-8 cop1-4,16,22,1.349
elf3-8 cop1-4,16,22,1.179
elf3-8 cop1-4,16,22,1.570
cop1-4,16,22,1.639
cop1-4,16,22,1.907
cop1-4,16,22,1.836
cop1-4,16,22,1.844
cop1-4,16,22,1.589
cop1-4,16,22,1.828
cop1-4,16,22,1.602
cop1-4,16,22,1.863
cop1-4,16,22,1.190
cop1-4,16,22,1.077
cop1-4,16,22,1.405
cop1-4,16,22,1.569
cop1-4,16,22,1.647
cop1-4,16,22,1.796
cop1-4,16,22,1.439
cop1-4,16,22,1.827
cop1-4,16,22,1.531
cop1-4,16,22,1.639
cop1-4,16,22,1.796
cop1-4,16,22,1.709
cop1-4,16,22,1.905
cop1-4,16,22,2.089
cop1-4,16,22,1.871
cop1-4,16,22,2.008
cop1-4,16,22,1.744
PHYBox,16,22,1.318
PHYBox,16,22,1.567
phyB-9,16,22,3.352
phyB-9,16,22,3.521
phyB-9,16,22,3.805
phyB-9,16,22,3.808
PIF4ox,16,22,4.989
PIF4ox,16,22,7.131
PIF4ox,16,22,5.888
PIF4ox,16,22,5.324
PIF4ox,16,22,4.677
PIF4ox,16,22,5.683
PIF4ox,16,22,7.984
PIF4ox,16,22,6.228
PIF4ox,16,22,6.592
PIF4ox,16,22,5.609
PIF4ox,16,22,6.309
PIF4ox,16,22,6.252
PIF4ox,16,22,5.881
PIF4ox,16,22,4.706
hy5,16,22,3.056
hy5,16,22,4.279
hy5,16,22,3.041
hy5,16,22,4.139
hy5,16,22,4.160
hy5,16,22,3.989
hy5,16,22,5.759
hy5,16,22,5.482
hy5,16,22,3.635
hy5,16,22,3.664
hy5,16,22,3.704
hy5,16,22,3.835
hy5,16,22,3.870
pif4,16,22,1.639
pif4,16,22,1.257
pif4,16,22,1.321
pif4,16,22,1.550
pif4,16,22,1.437
pif4,16,22,1.559
pif4,16,22,1.491
pif4,16,22,1.182
pif4,16,22,1.493
pif4,16,22,1.580
pif4,16,22,1.936
pif4,16,22,1.536
pif4,16,22,1.531
pif4,16,22,1.393
pif4,16,22,1.484
pifq,16,22,1.139
pifq,16,22,1.898
COP1-OE,12,22,4.926
COP1-OE,12,22,6.439
COP1-OE,12,22,5.576
COP1-OE,12,22,4.902
COP1-OE,12,22,6.759
COP1-OE,12,22,6.144
COP1-OE,12,22,7.126
COP1-OE,12,22,6.966
COP1-OE,12,22,5.671
COP1-OE,12,22,6.706
COP1-OE,12,22,6.083
COP1-OE,12,22,7.917
COP1-OE,12,22,7.122
COP1-OE,12,22,7.693
COP1-OE,12,22,9.109
COP1-OE,12,22,8.600
COP1-OE,12,22,6.690
COP1-OE,12,22,8.297
COP1-OE,12,22,5.700
COP1-OE,12,22,6.214
COP1-OE,12,22,5.355
COP1-OE,12,22,6.686
COP1-OE,12,22,5.942
COP1-OE,12,22,6.570
COP1-OE,12,22,7.256
COP1-OE,12,22,7.441
COP1-OE,12,22,7.008
COP1-OE,12,22,6.245
COP1-OE,12,22,8.271
COP1-OE,12,22,6.794
COP1-OE,12,22,7.899
COP1-OE,12,22,7.201
COP1-OE,12,22,6.253
COP1-OE,12,22,6.253
COP1-OE,12,22,7.066
COP1-OE,12,22,5.478
COP1-OE,12,22,6.051
COP1-OE,12,22,7.031
COP1-OE,12,22,7.085
COP1-OE,12,22,6.260
COP1-OE,12,22,6.001
COP1-OE,12,22,6.670
COP1-OE,12,22,6.585
COP1-OE,12,28,9.084
COP1-OE,12,28,11.617
COP1-OE,12,28,13.084
COP1-OE,12,28,10.697
COP1-OE,12,28,11.118
COP1-OE,12,28,10.654
COP1-OE,12,28,11.796
COP1-OE,12,28,12.746
COP1-OE,12,28,13.247
COP1-OE,12,28,10.485
COP1-OE,12,28,9.865
COP1-OE,12,28,10.654
COP1-OE,12,28,12.441
COP1-OE,12,28,11.703
COP1-OE,12,28,10.901
COP1-OE,12,28,12.455
COP1-OE,12,28,11.888
COP1-OE,12,28,13.651
COP1-OE,12,28,12.311
COP1-OE,12,28,13.225
COP1-OE,12,28,11.842
COP1-OE,12,28,11.692
COP1-OE,12,28,12.378
COP1-OE,12,28,12.511
COP1-OE,12,28,12.736
COP1-OE,12,28,12.435
COP1-OE,12,28,10.491
COP1-OE,12,28,10.948
COP1-OE,12,28,12.390
COP1-OE,12,28,9.500
COP1-OE,12,28,13.266
COP1-OE,12,28,13.699
COP1-OE,12,28,12.363
COP1-OE,12,28,12.902
COP1-OE,12,28,11.541
COP1-OE,12,28,10.873
COP1-OE,12,28,12.141
COP1-OE,12,28,12.375
COP1-OE,12,28,12.807
COP1-OE,12,28,12.233
COP1-OE,12,28,12.275
COP1-OE,12,28,10.897
COP1-OE,12,28,13.945
COP1-OE,12,28,12.928
COP1-OE,12,28,10.851
COP1-OE,12,28,11.053
COP1-OE,12,28,12.888
COP1-OE,12,28,9.137
COP1-OE,12,28,12.465
COP1-OE,12,28,12.516
COP1-OE,12,28,11.367
COP1-OE,12,28,10.166
COP1-OE,16,22,4.982
COP1-OE,16,22,3.115
COP1-OE,16,22,4.739
COP1-OE,16,22,4.859
COP1-OE,16,22,4.716
COP1-OE,16,22,4.553
COP1-OE,16,22,4.513
COP1-OE,16,22,5.385
COP1-OE,16,22,4.608
COP1-OE,16,22,4.827
COP1-OE,16,22,4.739
COP1-OE,16,22,3.895
COP1-OE,16,22,4.415
COP1-OE,16,22,4.274
COP1-OE,16,22,4.696
COP1-OE,16,22,7.922
COP1-OE,16,22,4.391
COP1-OE,16,22,4.372
COP1-OE,16,22,5.448
COP1-OE,16,22,4.545
COP1-OE,16,22,6.447
COP1-OE,16,22,4.633
COP1-OE,16,22,5.798
COP1-OE,16,22,5.191
COP1-OE,16,22,4.691
COP1-OE,16,22,4.796
COP1-OE,16,22,4.333
COP1-OE,16,22,4.479
COP1-OE,16,22,5.143
COP1-OE,16,22,5.757
COP1-OE,16,22,5.507
COP1-OE,16,22,6.374
COP1-OE,16,22,4.461
COP1-OE,16,22,5.005
COP1-OE,16,22,6.822
COP1-OE,16,22,4.426
COP1-OE,16,22,5.186
COP1-OE,16,22,4.317
COP1-OE,16,22,5.548
COP1-OE,16,22,4.226
COP1-OE,16,22,4.786
COP1-OE,16,22,5.233
COP1-OE,16,22,5.050
COP1-OE,16,22,4.204
COP1-OE,16,22,4.966
COP1-OE,16,22,4.989
COP1-OE,16,22,4.066
COP1-OE,16,22,4.838
COP1-OE,16,22,5.004
COP1-OE,16,22,3.491
COP1-OE,16,22,4.684
COP1-OE,16,22,4.307
COP1-OE,16,22,5.094
COP1-OE,16,22,4.753
COP1-OE,16,22,4.744
COP1-OE,16,22,6.010
COP1-OE,16,22,6.102
COP1-OE,16,22,5.660
COP1-OE,16,22,5.418
COP1-OE,16,22,4.907
COP1-OE,16,22,5.828
COP1-OE,16,22,5.625
COP1-OE,16,22,5.224
COP1-OE,16,22,5.643
COP1-OE,16,22,6.176
COP1-OE,16,22,6.015
COP1-OE,16,22,5.626
COP1-OE,16,22,4.751
COP1-OE,16,22,5.070
COP1-OE,16,22,5.743
COP1-OE,16,22,6.306
COP1-OE,16,22,5.783
COP1-OE,16,22,3.918
COP1-OE,16,22,4.691
COP1-OE,8,22,6.678
COP1-OE,8,22,8.156
COP1-OE,8,22,7.843
COP1-OE,8,22,9.237
COP1-OE,8,22,7.660
COP1-OE,8,22,7.077
COP1-OE,8,22,7.139
COP1-OE,8,22,7.638
COP1-OE,8,22,7.793
COP1-OE,8,22,7.938
COP1-OE,8,22,7.831
COP1-OE,8,22,7.118
COP1-OE,8,22,6.889
COP1-OE,8,22,7.879
COP1-OE,16,28,10.579
COP1-OE,16,28,11.450
COP1-OE,16,28,9.316
COP1-OE,16,28,8.649
COP1-OE,16,28,7.764
COP1-OE,16,28,10.074
COP1-OE,16,28,10.683
COP1-OE,16,28,7.916
COP1-OE,16,28,9.352
COP1-OE,16,28,8.335
COP1-OE,16,28,8.113
COP1-OE,16,28,8.935
COP1-OE,16,28,9.729
COP1-OE,16,28,6.843
COP1-OE,16,28,10.223
COP1-OE,16,28,9.299
COP1-OE,16,28,9.129
COP1-OE,16,28,9.709
COP1-OE,16,28,7.752
COP1-OE,16,28,7.412
COP1-OE,16,28,11.229
COP1-OE,16,28,11.551
COP1-OE,16,28,11.044
COP1-OE,16,28,10.282
COP1-OE,16,28,10.866
COP1-OE,16,28,11.491
COP1-OE,16,28,11.000
COP1-OE,16,28,11.155
COP1-OE,16,28,15.278
COP1-OE,16,28,8.864
COP1-OE,16,28,11.268
COP1-OE,16,28,10.187
COP1-OE,16,28,10.598
COP1-OE,16,28,11.547
COP1-OE,16,28,11.818
COP1-OE,16,28,9.011
COP1-OE,16,28,11.922
COP1-OE,16,28,9.928
COP1-OE,16,28,11.364
COP1-OE,16,28,9.875
COP1-OE,16,28,9.171
COP1-OE,16,28,10.940
COP1-OE,16,28,9.591
COP1-OE,16,28,11.366
COP1-OE,16,28,9.899
COP1-OE,16,28,11.449
COP1-OE,16,28,9.559
COP1-OE,16,28,11.460
COP1-OE,16,28,10.345
COP1-OE,16,28,12.357
COP1-OE,16,28,8.962
COP1-OE,16,28,10.050
COP1-OE,16,28,9.792
COP1-OE,16,28,10.955
COP1-OE,16,28,10.865
COP1-OE,16,28,10.244
COP1-OE,16,28,8.453
COP1-OE,16,28,9.665
COP1-OE,16,28,9.332
COP1-OE,16,28,9.233
COP1-OE,16,28,8.383
COP1-OE,16,28,10.516
COP1-OE,16,28,10.936
COP1-OE,16,28,9.535
COP1-OE,16,28,9.378
COP1-OE,16,28,9.422
COP1-OE,16,28,11.291
COP1-OE,16,28,10.892
COP1-OE,16,28,11.275
COP1-OE,16,28,12.796
COP1-OE,16,28,8.737
COP1-OE,16,28,9.185
COP1-OE,16,28,9.618
COP1-OE,16,28,9.018
COP1-OE,8,28,13.023
COP1-OE,8,28,12.670
COP1-OE,8,28,11.896
COP1-OE,8,28,12.941
COP1-OE,8,28,10.453
COP1-OE,8,28,11.384
COP1-OE,8,28,13.154
COP1-OE,8,28,12.572
COP1-OE,8,28,11.780
COP1-OE,8,28,13.320
COP1-OE,8,28,12.480
COP1-OE,8,28,14.687
COP1-OE,8,28,12.287
COP1-OE,8,28,13.781
COP1-OE,8,28,13.957
COP1-OE,24,22,4.032
COP1-OE,24,22,3.979
COP1-OE,24,22,5.222
COP1-OE,24,22,5.474
COP1-OE,24,22,4.462
COP1-OE,24,22,4.352
COP1-OE,24,22,4.494
COP1-OE,24,22,4.085
COP1-OE,24,22,5.330
COP1-OE,24,22,5.615
COP1-OE,24,22,5.846
COP1-OE,24,22,5.943
COP1-OE,24,22,3.466
COP1-OE,24,22,5.287
COP1-OE,24,22,3.747
COP1-OE,24,22,4.743
COP1-OE,24,22,4.940
COP1-OE,24,22,5.363
COP1-OE,24,22,6.704
COP1-OE,24,22,5.044
COP1-OE,24,22,4.195
COP1-OE,24,22,4.798
COP1-OE,24,22,5.699
COP1-OE,24,22,5.372
COP1-OE,24,22,5.005
COP1-OE,24,22,6.072
COP1-OE,24,22,4.692
COP1-OE,24,22,5.141
COP1-OE,24,22,5.140
COP1-OE,24,22,5.289
COP1-OE,24,22,4.218
COP1-OE,24,22,4.285
COP1-OE,24,22,4.197
COP1-OE,24,22,5.796
COP1-OE,24,22,4.704
COP1-OE,24,22,5.506
COP1-OE,24,22,5.309
COP1-OE,24,22,6.412
COP1-OE,24,22,5.661
COP1-OE,24,22,5.314
COP1-OE,24,22,4.744
COP1-OE,24,22,5.726
COP1-OE,24,22,4.587
COP1-OE,24,22,5.584
COP1-OE,24,22,4.820
COP1-OE,24,22,4.993
COP1-OE,24,22,4.969
COP1-OE,24,22,6.585
COP1-OE,24,22,4.881
COP1-OE,24,22,4.841
COP1-OE,24,22,5.413
COP1-OE,24,22,5.615
COP1-OE,24,22,5.609
COP1-OE,24,22,6.176
COP1-OE,24,22,4.595
COP1-OE,24,22,5.602
COP1-OE,24,28,6.446
COP1-OE,24,28,7.186
COP1-OE,24,28,7.294
COP1-OE,24,28,7.344
COP1-OE,24,28,7.160
COP1-OE,24,28,7.759
COP1-OE,24,28,9.137
COP1-OE,24,28,8.407
COP1-OE,24,28,7.390
COP1-OE,24,28,7.129
COP1-OE,24,28,7.775
COP1-OE,24,28,7.537
COP1-OE,24,28,7.317
COP1-OE,24,28,8.606
COP1-OE,24,28,7.486
COP1-OE,24,28,8.944
COP1-OE,24,28,7.295
COP1-OE,24,28,6.548
COP1-OE,24,28,6.994
COP1-OE,24,28,5.699
COP1-OE,24,28,6.155
COP1-OE,24,28,5.419
COP1-OE,24,28,6.038
COP1-OE,24,28,6.615
COP1-OE,24,28,7.035
COP1-OE,24,28,9.543
COP1-OE,24,28,9.433
COP1-OE,24,28,7.760
COP1-OE,24,28,7.637
COP1-OE,24,28,8.518
COP1-OE,24,28,7.472
COP1-OE,24,28,7.238
COP1-OE,24,28,8.202
COP1-OE,24,28,6.888
COP1-OE,24,28,7.172
COP1-OE,24,28,7.074
COP1-OE,24,28,7.786
COP1-OE,24,28,8.543
COP1-OE,24,28,8.236
COP1-OE,24,28,8.868
COP1-OE,24,28,9.464
COP1-OE,24,28,7.686
COP1-OE,24,28,8.144
COP1-OE,24,28,5.854
COP1-OE,24,28,6.240
COP1-OE,24,28,6.965
COP1-OE,24,28,6.998
COP1-OE,24,28,6.334
COP1-OE,24,28,7.749
COP1-OE,24,28,8.112
COP1-OE,24,28,7.198
COP1-OE,24,28,8.132
COP1-OE,24,28,8.763
COP1-OE,24,28,6.725
COP1-OE,24,28,7.338
COP1-OE,24,28,6.520
COP1-OE,24,28,7.171
COP1-OE,24,28,5.715
COP1-OE,24,28,7.873
COP1-OE,24,28,7.022
COP1-OE,0,22,14.196
COP1-OE,0,22,15.860
COP1-OE,0,22,10.288
COP1-OE,0,22,12.907
COP1-OE,0,22,11.033
COP1-OE,0,22,10.615
COP1-OE,0,22,13.305
COP1-OE,0,22,9.976
COP1-OE,0,22,12.144
COP1-OE,0,22,12.080
COP1-OE,0,22,10.537
COP1-OE,0,22,13.716
COP1-OE,0,22,13.710
COP1-OE,0,22,13.606
COP1-OE,0,22,14.007
COP1-OE,0,22,12.297
COP1-OE,0,22,13.564
COP1-OE,0,22,13.233
COP1-OE,0,22,12.265
COP1-OE,0,22,10.641
COP1-OE,0,22,13.568
COP1-OE,0,22,10.377
COP1-OE,0,22,11.854
COP1-OE,0,22,11.871
COP1-OE,0,22,10.611
COP1-OE,0,22,13.532
COP1-OE,0,22,10.287
COP1-OE,0,22,11.524
COP1-OE,0,22,10.269
COP1-OE,0,22,13.232
COP1-OE,0,22,12.200
COP1-OE,0,22,9.533
COP1-OE,0,22,12.164
COP1-OE,0,22,14.132
COP1-OE,0,22,12.445
COP1-OE,0,22,12.224
COP1-OE,0,22,11.114
COP1-OE,0,22,12.854
COP1-OE,0,22,11.854
COP1-OE,0,22,10.978
COP1-OE,0,22,11.196
COP1-OE,0,22,11.983
COP1-OE,0,22,12.382
COP1-OE,0,22,12.220
COP1-OE,0,22,12.422
COP1-OE,0,22,11.451
COP1-OE,0,22,10.517
COP1-OE,0,22,9.415
COP1-OE,0,22,9.957
COP1-OE,0,22,11.789
COP1-OE,0,22,11.419
COP1-OE,0,22,15.472
COP1-OE,0,22,11.830
COP1-OE,0,22,14.795
COP1-OE,0,22,11.639
COP1-OE,0,22,12.203
COP1-OE,0,22,10.449
COP1-OE,0,22,9.232
COP1-OE,0,22,9.906
COP1-OE,0,22,13.767
COP1-OE,0,22,11.279
COP1-OE,0,22,12.249
COP1-OE,0,22,10.738
COP1-OE,0,22,9.689
COP1-OE,0,22,11.285
COP1-OE,0,22,11.770
COP1-OE,0,22,10.699
COP1-OE,0,22,11.218
COP1-OE,0,22,11.387
COP1-OE,0,22,9.696
COP1-OE,0,22,13.306
COP1-OE,0,22,11.555
COP1-OE,0,22,10.072
COP1-OE,0,22,11.704
COP1-OE,0,28,18.191
COP1-OE,0,28,15.424
COP1-OE,0,28,17.118
COP1-OE,0,28,13.143
COP1-OE,0,28,13.290
COP1-OE,0,28,12.386
COP1-OE,0,28,15.792
COP1-OE,0,28,14.854
COP1-OE,0,28,15.218
COP1-OE,0,28,15.639
COP1-OE,0,28,16.211
COP1-OE,0,28,14.420
COP1-OE,0,28,13.751
COP1-OE,0,28,14.141
COP1-OE,0,28,13.957
COP1-OE,0,28,12.056
COP1-OE,0,28,12.349
COP1-OE,0,28,17.104
COP1-OE,0,28,14.179
COP1-OE,0,28,14.274
COP1-OE,0,28,12.290
COP1-OE,0,28,13.244
COP1-OE,0,28,14.374
COP1-OE,0,28,13.665
COP1-OE,0,28,13.839
COP1-OE,0,28,15.731
COP1-OE,0,28,14.759
COP1-OE,0,28,14.770
COP1-OE,0,28,13.977
COP1-OE,0,28,13.104
COP1-OE,0,28,14.287
COP1-OE,0,28,15.193
COP1-OE,0,28,13.106
COP1-OE,0,28,12.853
COP1-OE,0,28,13.059
COP1-OE,0,28,13.964
COP1-OE,0,28,13.532
COP1-OE,0,28,14.674
COP1-OE,0,28,14.624
COP1-OE,0,28,13.161
COP1-OE,0,28,13.999
COP1-OE,0,28,14.951
COP1-OE,0,28,13.240
COP1-OE,0,28,11.680
COP1-OE,0,28,13.053
COP1-OE,0,28,13.567
COP1-OE,0,28,14.468
COP1-OE,0,28,14.725
COP1-OE,0,28,10.199
COP1-OE,0,28,14.469
COP1-OE,0,28,13.998
COP1-OE,0,28,13.439
COP1-OE,0,28,14.267
COP1-OE,0,28,14.924
COP1-OE,0,28,14.515
COP1-OE,0,28,12.085
COP1-OE,0,28,12.979
COP1-OE,0,28,16.368
COP1-OE,0,28,12.324
COP1-OE,0,28,14.359
COP1-OE,0,28,14.606
COP1-OE,0,28,14.017
COP1-OE,0,28,14.266
COP1-OE,0,28,14.359
COP1-OE,0,28,17.370
COP1-OE,0,28,16.576
COP1-OE,0,28,15.313
COP1-OE,0,28,11.516
COP1-OE,0,28,15.034
COP1-OE,0,28,14.764
COP1-OE,0,28,13.897
